idx,artist,genre,style
0,22,4,21
1,20,7,4
2,16,6,20
3,17,2,12
4,9,10,23
5,1,2,3
6,22,10,21
7,9,4,23
8,25,7,17
9,11,6,21
10,9,4,23
11,14,2,24
12,14,4,24
13,1,6,21
14,17,6,12
15,12,9,15
16,22,8,21
17,7,3,23
18,9,4,23
19,7,3,23
20,20,8,4
21,18,4,21
22,17,1,12
23,13,8,9
24,20,6,4
25,4,1,12
26,14,4,24
27,13,10,9
28,10,8,21
29,22,5,21
30,22,6,21
31,25,7,17
32,16,9,20
33,12,10,15
34,15,6,9
35,9,4,23
36,12,7,15
37,14,10,3
38,19,5,3
39,20,6,4
40,17,9,12
41,8,6,21
42,14,8,24
43,6,4,12
44,17,9,12
45,21,2,9
46,25,6,17
47,16,4,20
48,22,8,21
49,15,2,20
50,16,6,20
51,19,2,3
52,22,8,21
53,21,10,12
54,16,4,20
55,20,6,4
56,1,1,21
57,16,4,12
58,1,5,21
59,14,4,24
60,25,6,17
61,25,2,17
62,7,3,23
63,14,10,3
64,11,2,21
65,9,10,23
66,7,3,23
67,17,6,12
68,12,2,15
69,8,7,21
70,25,6,17
71,4,4,12
72,22,2,21
73,21,7,24
74,5,6,12
75,17,6,12
76,3,1,12
77,16,4,12
78,4,4,12
79,2,1,12
80,22,4,20
81,4,2,12
82,7,3,23
83,14,4,24
84,17,10,12
85,4,1,12
86,11,1,12
87,18,2,20
88,1,1,3
89,17,5,12
90,16,2,12
91,12,10,9
92,5,4,12
93,8,6,21
94,5,4,12
95,14,4,24
96,15,2,12
97,2,4,12
98,20,10,4
99,15,9,7
100,25,2,17
101,14,4,24
102,18,9,9
103,15,10,7
104,21,4,20
105,14,8,24
106,1,5,3
107,9,4,23
108,15,9,7
109,14,2,24
110,22,4,20
111,20,10,4
112,14,4,24
113,22,10,21
114,20,2,4
115,18,2,20
116,3,4,12
117,18,4,21
118,1,8,21
119,6,1,12
120,9,7,23
121,12,3,15
122,4,1,12
123,7,3,23
124,18,4,21
125,25,6,17
126,3,4,12
127,20,8,4
128,22,8,20
129,15,2,20
130,7,3,23
131,8,6,21
132,2,4,21
133,22,2,21
134,17,4,12
135,12,2,15
136,10,4,21
137,1,2,3
138,14,4,24
139,12,3,15
140,22,9,21
141,4,4,12
142,14,8,24
143,11,1,12
144,18,4,21
145,18,10,21
146,18,8,20
147,25,6,17
148,4,2,12
149,16,4,7
150,13,2,9
151,11,4,12
152,22,4,21
153,18,10,20
154,7,3,23
155,3,1,12
156,14,1,3
157,3,10,12
158,9,4,23
159,16,1,7
160,5,10,12
161,2,4,12
162,22,4,20
163,13,4,20
164,22,8,21
165,12,7,15
166,25,6,17
167,25,7,17
168,22,8,20
169,1,2,3
170,25,7,17
171,10,4,21
172,5,8,12
173,14,10,24
174,14,4,24
175,15,5,9
176,22,9,20
177,5,5,12
178,3,2,12
179,14,10,3
180,7,3,23
181,25,8,17
182,11,10,12
183,15,2,9
184,12,2,7
185,4,2,12
186,3,5,12
187,14,10,24
188,5,2,12
189,15,6,7
190,11,2,21
191,8,10,21
192,22,8,20
193,20,10,4
194,20,6,4
195,17,5,12
196,14,4,24
197,22,8,21
198,4,1,12
199,22,6,20
200,22,4,21
201,21,5,7
202,18,10,21
203,22,4,20
204,7,3,23
205,12,7,15
206,15,8,7
207,13,4,9
208,9,10,23
209,22,8,21
210,16,2,23
211,9,1,23
212,21,2,7
213,22,8,21
214,13,6,21
215,10,8,21
216,4,10,12
217,18,8,7
218,12,2,15
219,10,4,21
220,2,4,12
221,18,10,21
222,7,3,23
223,13,10,20
224,18,10,20
225,19,2,3
226,8,6,21
227,22,4,21
228,4,4,12
229,15,2,9
230,11,6,21
231,0,10,17
232,7,3,23
233,6,1,21
234,14,10,3
235,19,2,3
236,14,8,21
237,1,10,21
238,18,10,21
239,22,8,20
240,13,4,9
241,6,4,12
242,4,1,12
243,10,4,21
244,17,6,12
245,14,10,3
246,3,4,12
247,22,10,20
248,14,4,24
249,1,8,21
250,22,8,21
251,14,9,21
252,4,4,12
253,17,5,12
254,18,4,20
255,17,5,12
256,7,3,23
257,14,2,3
258,22,8,20
259,13,10,10
260,15,9,2
261,11,4,12
262,21,7,0
263,1,8,21
264,4,1,12
265,17,4,12
266,6,4,12
267,4,4,12
268,7,7,23
269,17,5,12
270,8,6,21
271,22,2,21
272,7,3,23
273,25,7,17
274,22,8,21
275,11,6,21
276,8,6,21
277,4,4,12
278,22,8,20
279,4,4,12
280,18,6,20
281,17,2,12
282,14,4,24
283,19,10,3
284,4,4,12
285,9,10,23
286,20,7,4
287,12,2,9
288,17,6,12
289,17,6,12
290,4,10,12
291,1,2,3
292,22,8,20
293,15,9,7
294,22,2,21
295,8,6,21
296,3,10,12
297,1,6,21
298,18,1,20
299,15,5,9
300,22,6,21
301,22,8,21
302,15,9,2
303,12,6,7
304,21,10,24
305,10,4,21
306,22,6,21
307,4,10,12
308,22,8,21
309,17,2,12
310,19,2,3
311,19,10,3
312,18,9,21
313,9,10,23
314,21,7,24
315,15,9,2
316,22,8,21
317,7,7,23
318,5,2,12
319,7,7,23
320,17,10,12
321,11,2,12
322,20,7,4
323,25,7,17
324,22,8,21
325,25,7,17
326,14,4,24
327,6,2,12
328,4,2,12
329,1,10,21
330,16,4,23
331,15,6,7
332,14,7,24
333,11,6,21
334,22,6,21
335,12,8,15
336,22,2,21
337,25,7,17
338,0,10,17
339,22,6,21
340,14,8,3
341,6,2,21
342,9,10,23
343,18,4,20
344,4,4,12
345,22,10,20
346,3,4,12
347,15,6,21
348,14,4,24
349,0,10,17
350,16,6,20
351,20,10,4
352,18,2,20
353,14,2,3
354,18,9,20
355,20,6,4
356,5,10,12
357,11,6,21
358,8,6,21
359,22,8,21
360,3,1,12
361,8,10,21
362,25,7,17
363,22,8,21
364,16,4,7
365,11,5,21
366,12,3,15
367,2,2,12
368,17,6,12
369,22,8,20
370,17,5,12
371,10,4,21
372,15,9,2
373,8,10,21
374,5,2,12
375,11,6,21
376,7,7,23
377,25,8,17
378,20,10,4
379,1,6,21
380,17,4,12
381,14,10,3
382,4,1,12
383,22,1,21
384,11,6,21
385,11,6,21
386,22,4,20
387,3,4,12
388,7,3,23
389,14,4,24
390,1,6,21
391,15,2,12
392,19,10,3
393,11,1,12
394,7,3,23
395,4,10,12
396,17,6,12
397,9,6,23
398,14,1,21
399,15,6,15
400,3,2,12
401,8,6,21
402,14,4,24
403,14,7,24
404,25,1,17
405,13,8,9
406,15,6,9
407,10,8,21
408,4,1,12
409,4,10,12
410,14,1,3
411,5,2,12
412,20,8,4
413,4,4,12
414,14,4,24
415,22,8,20
416,17,10,12
417,20,6,4
418,16,10,12
419,2,4,12
420,12,7,15
421,17,9,12
422,15,2,20
423,6,8,12
424,3,1,12
425,20,7,4
426,7,7,23
427,5,6,12
428,20,4,4
429,4,1,12
430,22,8,20
431,16,9,20
432,22,8,21
433,25,7,17
434,5,2,12
435,25,6,17
436,2,4,12
437,11,6,21
438,1,8,21
439,9,4,23
440,2,4,12
441,13,4,9
442,22,4,20
443,6,10,12
444,21,2,9
445,25,6,17
446,13,9,9
447,6,2,12
448,13,3,9
449,14,4,24
450,2,4,12
451,4,4,12
452,17,6,12
453,1,6,21
454,14,10,3
455,4,10,12
456,0,10,17
457,25,7,17
458,14,2,3
459,14,10,24
460,15,6,7
461,16,8,20
462,22,8,20
463,11,1,12
464,7,3,23
465,15,9,25
466,25,7,17
467,2,1,12
468,7,3,23
469,7,3,23
470,20,6,4
471,13,4,20
472,9,4,23
473,3,6,12
474,4,4,12
475,1,10,15
476,19,5,3
477,5,4,12
478,18,5,20
479,22,8,20
480,4,4,12
481,4,10,12
482,21,5,9
483,11,1,12
484,14,4,24
485,22,4,20
486,18,9,21
487,25,7,17
488,14,4,24
489,1,2,3
490,9,4,23
491,13,8,9
492,10,4,21
493,5,2,12
494,20,4,4
495,17,6,12
496,14,2,24
497,17,8,12
498,17,2,12
499,18,4,20
500,11,6,12
501,13,3,15
502,17,1,12
503,1,6,21
504,11,6,21
505,21,9,7
506,2,1,12
507,18,10,20
508,11,6,21
509,6,2,12
510,6,10,12
511,19,10,3
512,9,10,23
513,14,4,24
514,22,10,20
515,14,4,24
516,5,10,12
517,1,4,21
518,6,4,12
519,16,10,20
520,22,10,20
521,19,10,3
522,16,4,12
523,25,8,17
524,2,2,12
525,9,10,23
526,18,10,21
527,14,10,24
528,3,4,12
529,14,2,21
530,11,6,21
531,18,6,9
532,4,4,12
533,14,7,24
534,11,6,21
535,4,4,12
536,18,9,7
537,17,9,12
538,3,1,12
539,21,9,20
540,22,10,20
541,22,10,20
542,15,9,7
543,22,9,20
544,10,8,21
545,2,4,12
546,14,2,24
547,9,10,23
548,5,6,12
549,10,4,21
550,22,8,21
551,10,8,21
552,5,2,12
553,3,4,12
554,22,4,20
555,2,1,12
556,1,2,15
557,2,4,12
558,9,10,23
559,2,4,18
560,22,9,21
561,14,10,3
562,25,8,17
563,1,8,21
564,0,10,17
565,21,6,21
566,25,7,17
567,18,9,7
568,13,10,9
569,11,6,21
570,17,2,12
571,13,4,24
572,14,10,3
573,10,8,21
574,7,7,23
575,13,4,24
576,9,10,23
577,17,9,12
578,6,4,12
579,8,6,21
580,22,8,21
581,14,4,3
582,7,3,23
583,16,9,20
584,3,4,12
585,9,4,23
586,14,4,24
587,14,4,24
588,3,2,12
589,2,4,12
590,13,9,9
591,6,10,12
592,4,10,12
593,6,10,12
594,4,4,12
595,3,2,12
596,18,9,20
597,25,7,17
598,20,6,4
599,18,9,20
600,22,9,20
601,17,10,12
602,13,10,21
603,13,10,21
604,22,8,21
605,15,9,25
606,14,4,24
607,2,6,12
608,12,2,15
609,5,6,12
610,22,1,21
611,2,4,12
612,12,8,15
613,4,4,12
614,17,6,12
615,22,6,21
616,22,6,20
617,22,1,20
618,18,6,9
619,25,5,17
620,9,4,23
621,21,2,9
622,6,4,12
623,14,4,24
624,5,5,12
625,19,10,3
626,8,6,21
627,22,8,21
628,20,2,4
629,14,2,24
630,0,10,17
631,22,10,20
632,21,10,12
633,13,8,9
634,4,10,12
635,4,1,12
636,18,6,7
637,14,7,24
638,14,4,24
639,14,10,24
640,8,7,21
641,25,8,17
642,9,10,23
643,4,4,12
644,4,4,12
645,20,7,4
646,14,7,24
647,15,2,2
648,25,7,17
649,3,2,12
650,3,2,12
651,22,8,20
652,22,8,21
653,7,3,23
654,14,10,24
655,8,6,21
656,2,4,12
657,20,7,4
658,20,8,4
659,25,7,17
660,25,4,17
661,2,4,12
662,17,4,12
663,12,7,15
664,11,4,12
665,18,4,21
666,10,4,21
667,14,4,24
668,2,1,12
669,25,6,17
670,14,1,3
671,25,8,17
672,4,10,12
673,6,10,12
674,10,4,21
675,13,3,9
676,10,1,21
677,22,8,20
678,22,2,21
679,14,3,3
680,22,8,21
681,15,2,9
682,8,6,21
683,14,10,3
684,14,2,24
685,11,10,12
686,4,4,12
687,25,8,17
688,18,4,21
689,2,4,12
690,17,2,12
691,25,7,17
692,2,4,12
693,13,6,9
694,4,1,12
695,1,8,21
696,21,8,21
697,12,4,7
698,17,6,12
699,7,7,23
700,14,10,24
701,4,4,12
702,4,4,12
703,22,4,20
704,16,4,20
705,2,1,12
706,2,1,12
707,12,2,15
708,14,4,24
709,14,1,24
710,18,9,20
711,19,5,3
712,2,4,12
713,9,10,23
714,16,4,20
715,14,10,21
716,15,10,9
717,22,8,21
718,19,10,3
719,3,4,12
720,4,4,12
721,15,6,9
722,11,6,21
723,7,3,23
724,20,6,4
725,1,10,21
726,25,7,17
727,22,8,21
728,10,4,21
729,10,4,21
730,8,1,21
731,25,7,17
732,18,6,21
733,20,6,4
734,22,8,21
735,17,10,12
736,17,8,12
737,12,2,9
738,17,6,12
739,11,2,12
740,18,10,21
741,4,1,12
742,2,4,12
743,12,3,15
744,6,2,12
745,8,6,21
746,14,1,24
747,18,8,20
748,18,4,21
749,7,7,23
750,11,8,21
751,19,2,3
752,18,4,20
753,8,10,21
754,16,4,7
755,9,10,23
756,18,4,20
757,1,8,21
758,18,10,21
759,2,1,18
760,7,3,23
761,19,2,3
762,12,10,15
763,25,8,17
764,3,4,12
765,5,10,12
766,18,10,21
767,22,2,21
768,15,2,12
769,20,6,4
770,22,4,20
771,8,6,21
772,22,8,20
773,4,4,12
774,2,4,12
775,25,2,17
776,12,2,9
777,2,6,12
778,14,7,24
779,13,2,9
780,22,2,21
781,25,6,17
782,17,7,12
783,17,10,12
784,21,6,21
785,5,2,12
786,4,1,12
787,16,6,23
788,6,1,12
789,3,1,12
790,1,10,21
791,21,6,9
792,3,9,12
793,20,6,4
794,17,10,12
795,18,4,20
796,13,2,24
797,17,6,12
798,11,2,12
799,20,7,4
800,21,6,9
801,1,8,21
802,5,4,12
803,17,8,12
804,20,6,4
805,4,4,12
806,14,4,24
807,19,6,3
808,1,6,21
809,17,4,12
810,18,9,7
811,17,8,12
812,5,2,12
813,21,7,24
814,6,2,21
815,2,4,12
816,11,6,21
817,17,6,12
818,18,4,21
819,17,4,12
820,18,6,21
821,13,4,21
822,17,8,12
823,8,6,21
824,18,1,9
825,4,4,12
826,15,9,7
827,1,2,21
828,12,7,15
829,14,4,24
830,17,5,12
831,15,9,7
832,1,10,21
833,14,4,3
834,17,4,12
835,3,2,12
836,7,7,23
837,22,4,20
838,15,10,7
839,22,10,20
840,4,4,12
841,17,2,12
842,17,10,12
843,15,10,7
844,9,10,23
845,5,6,12
846,14,4,24
847,21,6,9
848,14,4,24
849,4,4,12
850,14,10,24
851,17,5,12
852,25,6,17
853,18,4,21
854,14,1,3
855,19,6,3
856,18,4,21
857,22,8,21
858,2,1,12
859,10,4,21
860,18,2,21
861,18,10,21
862,12,2,15
863,20,2,4
864,3,1,12
865,13,10,24
866,7,7,23
867,15,2,2
868,14,10,3
869,7,3,23
870,1,3,21
871,19,6,3
872,4,10,12
873,5,5,12
874,2,1,12
875,8,6,21
876,14,6,24
877,20,6,4
878,7,7,23
879,6,4,12
880,1,6,3
881,13,10,9
882,17,5,12
883,14,10,3
884,5,2,12
885,15,2,24
886,14,4,24
887,9,4,23
888,2,4,12
889,22,4,21
890,4,4,12
891,12,3,15
892,2,4,12
893,22,4,21
894,15,2,20
895,13,6,21
896,22,8,21
897,22,4,20
898,11,6,21
899,17,10,12
900,21,9,7
901,20,6,4
902,14,4,24
903,22,2,21
904,4,4,12
905,14,4,24
906,20,7,4
907,4,4,12
908,14,4,24
909,7,3,23
910,5,10,12
911,7,3,23
912,16,4,20
913,13,8,9
914,0,10,17
915,22,8,21
916,5,5,12
917,15,6,21
918,14,4,3
919,14,7,24
920,14,10,3
921,4,4,12
922,22,2,21
923,18,1,20
924,15,10,20
925,14,3,3
926,11,6,21
927,20,8,4
928,3,2,12
929,17,10,12
930,18,9,20
931,1,10,21
932,2,8,21
933,7,7,23
934,25,7,17
935,8,6,21
936,13,2,24
937,22,8,21
938,9,4,23
939,19,2,3
940,4,4,12
941,6,2,12
942,4,6,12
943,4,4,12
944,8,10,21
945,22,8,20
946,11,6,21
947,15,6,7
948,14,8,24
949,12,9,15
950,19,10,3
951,7,3,23
952,17,6,12
953,22,6,21
954,13,8,9
955,5,2,12
956,14,4,24
957,22,4,20
958,1,6,21
959,4,2,12
960,15,2,7
961,11,6,21
962,5,2,12
963,4,1,12
964,22,2,20
965,22,8,20
966,9,10,23
967,19,10,3
968,13,4,9
969,18,1,21
970,4,10,12
971,14,8,3
972,14,10,3
973,19,10,3
974,4,4,12
975,18,4,21
976,20,7,4
977,22,2,21
978,16,2,20
979,14,4,24
980,19,6,3
981,5,2,12
982,14,2,3
983,18,4,21
984,8,8,21
985,25,8,17
986,17,5,12
987,8,6,21
988,12,3,15
989,18,8,20
990,4,2,12
991,3,9,12
992,4,4,12
993,21,4,12
994,11,8,21
995,20,7,4
996,22,6,21
997,22,2,21
998,4,4,12
999,1,1,21
1000,17,10,12
1001,11,6,21
1002,19,10,3
1003,20,7,4
1004,17,6,12
1005,22,7,20
1006,10,4,21
1007,16,6,20
1008,4,6,21
1009,4,9,12
1010,14,1,21
1011,12,7,15
1012,8,6,21
1013,18,8,20
1014,6,4,12
1015,8,8,21
1016,22,8,20
1017,22,8,21
1018,8,6,21
1019,8,8,21
1020,12,2,15
1021,22,6,21
1022,22,2,20
1023,2,4,12
1024,22,2,21
1025,9,10,23
1026,2,2,12
1027,12,2,9
1028,14,4,24
1029,5,6,12
1030,22,4,21
1031,7,7,23
1032,7,3,23
1033,2,4,12
1034,11,6,21
1035,13,4,24
1036,7,7,23
1037,14,8,24
1038,8,6,21
1039,18,9,21
1040,17,5,12
1041,22,2,21
1042,15,2,15
1043,20,7,4
1044,6,4,12
1045,14,4,24
1046,4,4,12
1047,18,6,20
1048,12,7,15
1049,4,4,12
1050,3,4,12
1051,2,4,12
1052,11,6,21
1053,1,8,21
1054,21,6,21
1055,14,4,21
1056,8,8,21
1057,1,10,21
1058,14,4,24
1059,22,4,20
1060,18,6,9
1061,2,1,12
1062,2,1,12
1063,14,10,3
1064,10,4,21
1065,14,4,3
1066,22,2,20
1067,22,4,20
1068,14,4,24
1069,22,4,20
1070,1,10,3
1071,18,4,20
1072,25,1,17
1073,7,3,23
1074,12,10,7
1075,2,2,12
1076,14,4,24
1077,21,2,21
1078,8,10,21
1079,14,10,24
1080,12,2,9
1081,14,10,3
1082,5,6,12
1083,1,3,21
1084,17,10,12
1085,20,2,4
1086,16,1,12
1087,15,6,15
1088,2,4,18
1089,1,10,3
1090,6,10,12
1091,15,2,7
1092,25,2,17
1093,1,6,21
1094,22,8,20
1095,14,4,24
1096,7,3,23
1097,18,4,21
1098,22,9,21
1099,18,8,7
1100,16,4,20
1101,14,10,3
1102,22,4,20
1103,4,1,12
1104,14,4,24
1105,7,3,23
1106,15,6,9
1107,22,4,20
1108,17,4,12
1109,1,6,21
1110,22,4,20
1111,8,6,21
1112,4,1,12
1113,14,8,24
1114,4,4,12
1115,3,1,12
1116,4,4,12
1117,7,3,23
1118,7,3,23
1119,21,6,9
1120,25,6,17
1121,9,10,23
1122,22,8,20
1123,1,2,3
1124,17,6,12
1125,8,6,21
1126,14,10,3
1127,11,6,12
1128,15,6,7
1129,17,4,12
1130,14,4,21
1131,4,1,12
1132,19,10,3
1133,22,9,20
1134,18,10,20
1135,11,6,21
1136,6,2,12
1137,7,3,23
1138,14,4,24
1139,17,6,12
1140,11,4,12
1141,20,8,4
1142,19,10,3
1143,6,10,12
1144,14,1,3
1145,14,10,3
1146,19,2,3
1147,8,8,21
1148,21,2,18
1149,17,8,12
1150,1,2,3
1151,5,6,12
1152,22,1,20
1153,21,6,21
1154,25,6,17
1155,13,10,9
1156,17,4,12
1157,21,4,20
1158,22,10,20
1159,19,6,3
1160,6,10,12
1161,15,6,20
1162,17,4,12
1163,5,10,12
1164,17,6,12
1165,25,7,17
1166,4,4,12
1167,10,4,21
1168,14,4,24
1169,10,1,21
1170,0,10,17
1171,17,5,12
1172,1,10,21
1173,18,4,9
1174,4,1,12
1175,25,7,17
1176,17,9,12
1177,11,6,21
1178,9,10,23
1179,9,10,23
1180,18,4,20
1181,20,2,4
1182,2,1,12
1183,25,7,17
1184,2,1,12
1185,25,7,17
1186,14,10,3
1187,19,2,3
1188,7,3,23
1189,9,10,23
1190,15,2,24
1191,4,10,12
1192,18,6,20
1193,17,4,12
1194,2,4,12
1195,22,4,20
1196,25,7,17
1197,20,7,4
1198,18,4,20
1199,8,7,21
1200,22,4,20
1201,5,2,12
1202,4,2,12
1203,22,10,20
1204,22,6,21
1205,6,4,12
1206,17,2,12
1207,10,8,21
1208,15,10,7
1209,19,6,3
1210,6,2,12
1211,13,3,9
1212,21,2,7
1213,14,10,3
1214,2,1,12
1215,22,9,20
1216,20,6,4
1217,17,10,12
1218,17,4,12
1219,25,8,17
1220,20,6,4
1221,3,1,12
1222,14,10,24
1223,9,10,23
1224,2,1,12
1225,4,4,12
1226,17,6,12
1227,8,7,21
1228,16,2,20
1229,25,7,17
1230,11,6,21
1231,21,4,20
1232,14,4,24
1233,17,1,12
1234,1,2,21
1235,12,8,15
1236,4,1,12
1237,11,6,21
1238,4,6,12
1239,4,10,12
1240,8,6,21
1241,18,10,21
1242,15,8,24
1243,6,4,12
1244,5,6,12
1245,2,4,12
1246,3,4,12
1247,8,6,21
1248,25,8,17
1249,25,2,17
1250,9,10,23
1251,14,4,24
1252,1,6,21
1253,17,9,12
1254,11,10,12
1255,8,4,21
1256,14,10,24
1257,22,6,21
1258,3,2,12
1259,12,10,15
1260,19,5,3
1261,19,10,3
1262,2,1,12
1263,13,4,20
1264,12,7,15
1265,14,4,24
1266,7,7,23
1267,8,2,21
1268,6,4,12
1269,7,3,23
1270,18,8,20
1271,4,1,12
1272,17,5,12
1273,5,2,12
1274,4,4,12
1275,7,3,23
1276,20,7,4
1277,1,6,21
1278,14,4,24
1279,20,6,4
1280,3,10,12
1281,14,10,21
1282,17,6,12
1283,8,10,21
1284,15,2,20
1285,11,1,12
1286,22,4,21
1287,6,1,12
1288,20,8,4
1289,6,2,12
1290,22,8,21
1291,18,4,21
1292,19,10,3
1293,8,6,21
1294,20,1,4
1295,11,4,12
1296,5,2,12
1297,17,2,12
1298,2,4,12
1299,20,7,4
1300,25,6,17
1301,14,4,24
1302,14,10,3
1303,14,10,24
1304,16,4,12
1305,14,8,3
1306,0,10,17
1307,16,4,20
1308,21,6,9
1309,20,7,4
1310,25,7,17
1311,14,4,24
1312,25,7,17
1313,15,5,15
1314,15,2,7
1315,18,6,9
1316,22,1,20
1317,12,7,15
1318,21,7,24
1319,11,6,21
1320,12,3,15
1321,14,4,24
1322,1,8,21
1323,2,10,12
1324,11,6,21
1325,12,10,15
1326,12,2,15
1327,25,8,17
1328,16,6,23
1329,8,6,21
1330,13,6,9
1331,11,8,21
1332,8,6,21
1333,4,4,12
1334,13,2,9
1335,16,10,20
1336,22,2,21
1337,22,2,21
1338,7,3,23
1339,22,8,20
1340,6,10,12
1341,14,7,24
1342,14,4,24
1343,2,4,12
1344,25,6,17
1345,15,1,9
1346,12,7,15
1347,5,2,12
1348,1,2,21
1349,21,2,9
1350,22,8,20
1351,10,4,21
1352,17,4,12
1353,17,2,12
1354,22,4,20
1355,8,7,21
1356,16,6,20
1357,2,1,12
1358,14,4,24
1359,6,2,12
1360,2,1,21
1361,22,8,21
1362,4,4,12
1363,13,10,9
1364,20,10,4
1365,14,8,3
1366,8,6,21
1367,4,4,12
1368,7,3,23
1369,14,4,24
1370,12,2,15
1371,10,4,21
1372,13,1,9
1373,17,6,12
1374,10,4,21
1375,5,6,12
1376,22,4,21
1377,16,4,20
1378,19,10,3
1379,18,6,10
1380,18,10,7
1381,14,2,3
1382,4,4,12
1383,25,7,17
1384,12,3,15
1385,3,4,12
1386,15,2,20
1387,14,10,3
1388,22,9,20
1389,13,1,24
1390,22,9,21
1391,13,2,9
1392,15,10,7
1393,12,10,15
1394,11,2,21
1395,4,4,12
1396,14,4,24
1397,22,8,21
1398,17,8,12
1399,11,6,21
1400,15,10,9
1401,14,4,3
1402,21,6,21
1403,19,3,3
1404,7,3,23
1405,4,10,12
1406,21,6,20
1407,16,4,20
1408,16,4,20
1409,8,7,21
1410,1,2,3
1411,12,7,15
1412,17,10,12
1413,13,10,9
1414,14,4,24
1415,15,2,7
1416,5,2,12
1417,12,2,15
1418,25,7,17
1419,16,4,7
1420,7,3,23
1421,5,10,12
1422,8,6,21
1423,9,10,23
1424,2,2,18
1425,11,4,12
1426,15,6,25
1427,5,2,12
1428,1,6,3
1429,9,4,23
1430,12,2,15
1431,20,10,4
1432,9,10,23
1433,15,5,20
1434,7,3,23
1435,15,10,7
1436,16,9,20
1437,16,9,20
1438,2,4,12
1439,16,2,20
1440,25,7,17
1441,17,6,12
1442,14,2,24
1443,11,1,21
1444,19,10,3
1445,1,6,21
1446,13,8,10
1447,11,6,21
1448,19,10,3
1449,2,6,12
1450,18,8,20
1451,18,4,21
1452,22,8,21
1453,7,3,23
1454,18,4,20
1455,12,3,15
1456,5,2,12
1457,22,8,21
1458,4,10,12
1459,16,4,7
1460,22,8,21
1461,25,8,17
1462,17,5,12
1463,11,4,21
1464,12,3,15
1465,10,4,21
1466,13,3,9
1467,22,4,20
1468,15,6,20
1469,4,4,12
1470,3,5,12
1471,18,4,20
1472,17,4,12
1473,6,8,21
1474,2,4,21
1475,17,4,12
1476,5,5,12
1477,11,8,21
1478,22,10,20
1479,18,4,20
1480,15,9,7
1481,18,4,20
1482,22,8,20
1483,17,5,12
1484,20,10,4
1485,15,5,7
1486,11,6,21
1487,14,3,3
1488,14,4,24
1489,17,6,12
1490,16,6,20
1491,4,4,12
1492,14,10,24
1493,18,4,20
1494,10,4,21
1495,1,2,3
1496,19,2,3
1497,4,4,12
1498,21,2,0
1499,14,10,3
1500,2,4,12
1501,20,2,4
1502,16,6,20
1503,14,10,3
1504,11,6,21
1505,2,4,12
1506,3,4,12
1507,2,4,12
1508,15,5,15
1509,5,2,12
1510,22,8,21
1511,17,2,12
1512,3,10,12
1513,1,2,3
1514,2,4,12
1515,18,8,9
1516,12,2,7
1517,18,2,21
1518,17,2,12
1519,19,2,3
1520,17,4,12
1521,5,2,12
1522,7,7,23
1523,19,10,3
1524,18,10,20
1525,22,8,20
1526,3,1,12
1527,5,6,12
1528,2,2,12
1529,5,4,12
1530,22,4,21
1531,4,4,12
1532,13,4,24
1533,1,6,21
1534,15,9,24
1535,2,4,12
1536,1,6,21
1537,22,4,20
1538,7,3,23
1539,9,4,23
1540,6,2,12
1541,15,8,20
1542,5,4,12
1543,25,7,17
1544,1,6,3
1545,3,4,12
1546,25,7,17
1547,14,10,3
1548,5,6,12
1549,17,4,12
1550,14,4,24
1551,4,4,12
1552,15,5,9
1553,8,2,21
1554,14,4,24
1555,6,10,12
1556,25,6,17
1557,6,10,12
1558,20,2,4
1559,2,2,12
1560,1,10,21
1561,16,4,12
1562,1,10,15
1563,6,2,12
1564,22,4,20
1565,1,10,21
1566,7,3,23
1567,15,6,3
1568,17,6,12
1569,18,4,21
1570,18,10,20
1571,4,4,12
1572,1,10,21
1573,14,4,24
1574,3,2,12
1575,14,4,24
1576,14,4,24
1577,20,8,4
1578,22,4,21
1579,20,6,4
1580,22,8,21
1581,15,5,20
1582,14,10,24
1583,11,4,12
1584,17,4,12
1585,10,4,21
1586,10,4,21
1587,17,6,12
1588,2,1,12
1589,10,4,21
1590,14,10,24
1591,19,10,3
1592,4,4,12
1593,13,10,9
1594,19,10,3
1595,4,1,12
1596,14,1,3
1597,12,7,15
1598,14,8,3
1599,17,5,12
1600,5,2,12
1601,20,8,4
1602,9,10,23
1603,17,9,12
1604,9,10,23
1605,22,10,21
1606,12,2,15
1607,22,4,21
1608,19,10,3
1609,7,3,23
1610,1,2,21
1611,22,6,21
1612,18,8,20
1613,19,6,3
1614,20,8,4
1615,14,4,24
1616,19,2,3
1617,12,3,15
1618,12,7,15
1619,1,6,3
1620,7,3,23
1621,22,6,20
1622,4,10,12
1623,9,4,23
1624,19,10,3
1625,22,8,21
1626,14,4,24
1627,1,8,21
1628,18,1,21
1629,11,1,12
1630,16,6,20
1631,22,4,21
1632,22,9,20
1633,14,10,3
1634,13,4,21
1635,14,7,24
1636,2,1,12
1637,17,6,12
1638,22,1,20
1639,4,4,12
1640,15,6,9
1641,19,2,3
1642,11,4,12
1643,19,10,3
1644,22,4,20
1645,4,4,12
1646,17,5,12
1647,4,1,12
1648,3,4,12
1649,5,6,12
1650,6,4,12
1651,4,10,12
1652,22,10,20
1653,5,2,12
1654,22,8,20
1655,19,10,3
1656,8,2,21
1657,11,2,21
1658,18,9,20
1659,15,9,25
1660,14,2,21
1661,22,8,20
1662,18,1,7
1663,18,4,20
1664,4,1,12
1665,14,4,24
1666,16,9,20
1667,14,4,24
1668,1,9,3
1669,17,2,12
1670,14,7,3
1671,7,3,23
1672,12,7,15
1673,12,3,15
1674,1,6,21
1675,14,10,24
1676,6,4,12
1677,3,4,12
1678,13,4,20
1679,25,7,17
1680,14,4,24
1681,22,8,21
1682,14,8,3
1683,1,6,21
1684,8,6,21
1685,7,7,23
1686,17,5,12
1687,18,10,21
1688,20,7,4
1689,17,4,12
1690,18,4,20
1691,25,5,17
1692,14,4,24
1693,22,2,21
1694,14,10,3
1695,22,8,20
1696,15,6,9
1697,22,10,21
1698,17,2,12
1699,11,6,21
1700,12,3,15
1701,18,4,21
1702,22,4,21
1703,25,6,17
1704,6,2,12
1705,4,4,12
1706,21,4,12
1707,17,6,12
1708,1,2,3
1709,9,4,23
1710,20,10,4
1711,1,1,21
1712,19,2,3
1713,2,1,12
1714,11,4,12
1715,17,2,12
1716,10,4,21
1717,14,10,3
1718,10,4,21
1719,13,8,9
1720,7,3,23
1721,4,4,12
1722,13,4,24
1723,11,6,21
1724,9,10,23
1725,7,3,23
1726,15,2,20
1727,14,4,24
1728,6,2,12
1729,18,4,20
1730,8,6,21
1731,6,2,12
1732,17,8,12
1733,13,4,9
1734,25,7,17
1735,14,8,24
1736,18,4,21
1737,8,6,21
1738,22,6,21
1739,15,6,9
1740,4,4,12
1741,17,6,12
1742,19,2,3
1743,22,6,21
1744,10,8,21
1745,16,8,20
1746,3,1,12
1747,12,7,15
1748,4,4,12
1749,14,4,24
1750,10,4,21
1751,17,10,12
1752,8,8,21
1753,2,1,12
1754,14,4,24
1755,14,4,24
1756,1,6,21
1757,14,4,24
1758,22,1,21
1759,1,2,3
1760,17,9,12
1761,11,6,21
1762,4,4,12
1763,13,6,21
1764,4,4,12
1765,17,4,12
1766,11,4,12
1767,16,2,23
1768,1,6,21
1769,13,8,9
1770,22,8,20
1771,20,6,4
1772,22,6,21
1773,16,4,7
1774,14,4,24
1775,22,8,20
1776,13,8,21
1777,5,2,12
1778,3,4,12
1779,14,2,3
1780,4,1,12
1781,9,4,23
1782,18,10,21
1783,14,8,3
1784,9,10,23
1785,2,1,12
1786,7,3,23
1787,22,6,21
1788,4,4,12
1789,15,6,7
1790,10,4,21
1791,22,8,21
1792,12,2,15
1793,22,8,20
1794,2,2,12
1795,20,6,4
1796,21,2,24
1797,2,4,12
1798,18,6,21
1799,4,4,12
1800,17,10,12
1801,7,4,23
1802,14,3,3
1803,25,8,17
1804,20,8,4
1805,18,8,20
1806,25,1,17
1807,17,4,12
1808,14,10,3
1809,20,6,4
1810,13,3,15
1811,4,4,12
1812,8,2,21
1813,12,8,15
1814,11,2,12
1815,4,10,12
1816,25,7,17
1817,4,2,12
1818,22,8,21
1819,17,6,12
1820,25,7,17
1821,9,4,23
1822,15,2,7
1823,20,8,4
1824,12,3,15
1825,22,8,20
1826,11,6,21
1827,7,3,23
1828,5,6,12
1829,22,4,20
1830,20,8,4
1831,14,2,24
1832,18,4,20
1833,4,4,12
1834,3,2,12
1835,4,4,12
1836,16,6,12
1837,8,6,21
1838,21,4,24
1839,6,1,12
1840,25,7,17
1841,2,4,12
1842,7,3,23
1843,20,4,4
1844,14,4,24
1845,17,2,12
1846,9,4,23
1847,5,2,12
1848,3,4,12
1849,19,3,3
1850,19,2,3
1851,17,6,12
1852,17,6,12
1853,18,4,21
1854,17,2,12
1855,19,3,3
1856,10,4,21
1857,16,10,20
1858,13,4,24
1859,13,6,9
1860,18,4,21
1861,17,6,12
1862,14,4,24
1863,18,9,20
1864,2,4,21
1865,17,4,12
1866,9,10,23
1867,13,8,21
1868,15,8,9
1869,22,8,21
1870,8,6,21
1871,6,2,12
1872,12,4,15
1873,6,2,12
1874,12,8,15
1875,9,10,23
1876,6,4,12
1877,25,6,17
1878,12,2,15
1879,10,4,21
1880,20,7,4
1881,12,2,7
1882,1,2,3
1883,22,9,20
1884,17,6,12
1885,1,6,21
1886,10,4,21
1887,2,1,12
1888,2,4,12
1889,22,8,21
1890,18,6,20
1891,6,10,12
1892,22,2,21
1893,11,8,21
1894,14,4,24
1895,4,4,12
1896,6,2,21
1897,16,8,20
1898,18,9,21
1899,19,10,3
1900,18,4,20
1901,7,3,23
1902,12,8,15
1903,2,4,12
1904,8,6,21
1905,6,10,12
1906,0,10,17
1907,20,6,4
1908,22,9,20
1909,22,8,21
1910,18,10,20
1911,11,6,21
1912,17,6,12
1913,11,1,12
1914,14,10,3
1915,16,4,20
1916,7,7,23
1917,17,4,12
1918,15,9,25
1919,14,4,24
1920,17,6,12
1921,25,7,17
1922,3,1,12
1923,4,4,12
1924,2,4,12
1925,11,8,21
1926,16,6,12
1927,21,2,9
1928,17,6,12
1929,17,2,12
1930,17,10,12
1931,22,10,20
1932,14,4,21
1933,13,6,9
1934,20,6,4
1935,25,7,17
1936,7,7,23
1937,22,8,20
1938,19,10,3
1939,3,4,12
1940,19,2,3
1941,1,2,3
1942,16,6,23
1943,7,3,23
1944,7,3,23
1945,20,6,4
1946,3,6,12
1947,18,10,21
1948,14,7,24
1949,17,6,12
1950,20,7,4
1951,22,8,21
1952,22,2,21
1953,6,2,12
1954,22,8,21
1955,17,6,12
1956,14,4,24
1957,6,1,21
1958,15,5,15
1959,15,10,20
1960,12,7,15
1961,14,4,24
1962,1,2,21
1963,17,5,12
1964,9,10,23
1965,12,1,7
1966,7,3,23
1967,2,4,12
1968,2,1,12
1969,22,8,21
1970,1,8,21
1971,2,1,12
1972,5,2,12
1973,14,10,24
1974,22,8,21
1975,15,5,7
1976,8,6,21
1977,14,4,24
1978,13,2,9
1979,13,10,9
1980,12,7,15
1981,16,4,23
1982,22,1,20
1983,14,4,24
1984,25,6,17
1985,9,4,23
1986,17,4,12
1987,6,4,21
1988,8,6,21
1989,22,5,20
1990,4,4,12
1991,25,5,17
1992,11,2,12
1993,15,4,7
1994,6,2,12
1995,22,8,21
1996,1,6,21
1997,17,4,12
1998,11,10,12
1999,6,2,12
2000,12,9,15
2001,17,9,12
2002,14,7,24
2003,13,6,9
2004,14,10,24
2005,12,7,15
2006,22,8,21
2007,22,1,21
2008,5,2,12
2009,15,6,7
2010,17,6,12
2011,22,6,21
2012,25,6,17
2013,15,5,2
2014,4,10,12
2015,18,6,21
2016,11,1,12
2017,4,4,12
2018,19,10,3
2019,9,2,23
2020,10,8,21
2021,3,1,12
2022,10,4,21
2023,12,1,7
2024,14,2,24
2025,10,4,21
2026,2,1,12
2027,5,6,12
2028,1,6,21
2029,8,6,21
2030,5,2,12
2031,18,10,21
2032,25,7,17
2033,11,6,21
2034,7,3,23
2035,15,10,7
2036,2,1,12
2037,16,10,20
2038,16,6,12
2039,4,4,12
2040,14,4,24
2041,14,1,3
2042,13,10,21
2043,12,7,15
2044,18,10,10
2045,6,1,12
2046,10,4,21
2047,20,5,4
2048,12,2,15
2049,21,2,20
2050,6,4,12
2051,13,10,9
2052,4,4,12
2053,14,10,3
2054,25,7,17
2055,18,4,9
2056,20,6,4
2057,3,4,12
2058,8,6,21
2059,17,4,12
2060,14,4,24
2061,2,4,21
2062,4,10,12
2063,16,9,20
2064,12,7,15
2065,14,10,3
2066,17,6,12
2067,11,10,12
2068,17,5,12
2069,14,3,3
2070,20,2,4
2071,21,10,9
2072,20,8,4
2073,14,10,3
2074,14,3,3
2075,5,2,12
2076,17,6,12
2077,17,6,12
2078,18,4,21
2079,4,1,12
2080,17,5,12
2081,19,2,3
2082,14,7,3
2083,14,2,24
2084,19,5,3
2085,3,1,12
2086,7,3,23
2087,11,6,21
2088,14,7,24
2089,10,4,21
2090,11,10,12
2091,22,2,21
2092,6,10,12
2093,20,7,4
2094,20,2,4
2095,15,2,24
2096,18,8,7
2097,13,4,21
2098,5,2,12
2099,8,2,21
2100,4,1,12
2101,7,3,23
2102,22,9,20
2103,20,10,4
2104,8,6,21
2105,8,6,21
2106,16,9,20
2107,4,4,12
2108,18,4,21
2109,8,6,21
2110,14,4,24
2111,18,1,7
2112,17,6,12
2113,25,7,17
2114,14,10,24
2115,4,1,21
2116,3,4,12
2117,11,8,21
2118,10,4,21
2119,22,8,20
2120,7,7,23
2121,22,4,20
2122,6,4,12
2123,17,6,12
2124,15,10,7
2125,15,2,12
2126,22,8,20
2127,7,3,23
2128,6,4,12
2129,9,10,23
2130,14,4,24
2131,14,3,3
2132,17,9,12
2133,16,2,23
2134,13,6,9
2135,22,10,20
2136,11,6,21
2137,15,2,15
2138,7,3,23
2139,22,2,20
2140,7,7,23
2141,20,4,4
2142,4,4,12
2143,21,6,9
2144,7,3,23
2145,1,3,3
2146,17,5,12
2147,9,10,23
2148,6,1,12
2149,2,4,18
2150,22,5,21
2151,12,10,15
2152,15,6,7
2153,16,6,23
2154,3,4,12
2155,17,9,12
2156,1,10,21
2157,10,4,21
2158,5,2,12
2159,11,6,21
2160,12,7,15
2161,3,1,12
2162,21,8,9
2163,19,10,3
2164,7,3,23
2165,17,6,12
2166,9,10,23
2167,15,2,9
2168,6,4,12
2169,14,4,24
2170,10,4,21
2171,5,2,12
2172,17,6,12
2173,14,10,3
2174,22,8,21
2175,25,7,17
2176,11,6,21
2177,14,4,3
2178,3,2,12
2179,20,6,4
2180,8,6,21
2181,18,10,20
2182,10,4,21
2183,12,7,15
2184,13,8,9
2185,6,10,12
2186,11,6,21
2187,14,10,3
2188,15,10,9
2189,2,10,12
2190,8,6,21
2191,15,10,9
2192,3,2,12
2193,22,6,20
2194,22,8,21
2195,22,8,20
2196,17,4,12
2197,11,6,21
2198,12,2,15
2199,5,6,21
2200,1,8,21
2201,7,7,23
2202,12,2,15
2203,10,4,21
2204,16,2,23
2205,22,8,21
2206,2,1,12
2207,20,8,4
2208,22,8,21
2209,11,8,12
2210,7,7,23
2211,25,7,17
2212,14,10,3
2213,17,4,12
2214,14,10,3
2215,1,2,3
2216,22,6,20
2217,8,6,21
2218,9,10,23
2219,21,4,9
2220,4,4,12
2221,14,10,24
2222,4,10,12
2223,12,5,7
2224,11,6,21
2225,20,7,4
2226,17,6,12
2227,9,1,23
2228,5,2,12
2229,15,6,7
2230,4,4,12
2231,12,8,15
2232,18,4,20
2233,4,10,12
2234,22,8,20
2235,18,2,20
2236,21,10,21
2237,22,4,20
2238,10,4,21
2239,14,7,3
2240,3,2,12
2241,16,2,12
2242,14,4,24
2243,8,2,21
2244,22,4,21
2245,17,2,12
2246,21,7,24
2247,14,10,24
2248,16,10,12
2249,13,4,24
2250,17,9,12
2251,5,2,12
2252,13,4,9
2253,10,4,21
2254,4,4,12
2255,25,7,17
2256,12,2,9
2257,18,4,12
2258,14,4,24
2259,14,10,3
2260,2,1,12
2261,7,3,23
2262,1,8,21
2263,15,6,21
2264,4,4,12
2265,14,4,24
2266,8,2,21
2267,16,6,23
2268,13,10,24
2269,21,7,24
2270,25,7,17
2271,11,4,12
2272,22,4,20
2273,22,8,20
2274,22,2,21
2275,18,10,3
2276,12,7,15
2277,14,4,24
2278,17,9,12
2279,19,10,3
2280,14,4,24
2281,4,4,12
2282,1,8,21
2283,21,7,24
2284,19,2,3
2285,10,4,21
2286,14,8,21
2287,17,2,12
2288,10,8,21
2289,16,6,20
2290,17,6,12
2291,14,10,3
2292,25,6,17
2293,7,3,23
2294,19,6,3
2295,18,2,9
2296,5,5,12
2297,13,10,21
2298,3,2,12
2299,12,7,15
2300,22,4,20
2301,4,4,12
2302,5,2,12
2303,14,8,24
2304,22,8,20
2305,8,2,21
2306,0,10,17
2307,22,9,20
2308,2,2,12
2309,13,2,9
2310,8,6,21
2311,14,4,24
2312,5,2,12
2313,6,10,12
2314,3,2,12
2315,18,6,21
2316,21,4,12
2317,17,6,12
2318,4,2,12
2319,2,1,12
2320,3,4,12
2321,17,4,12
2322,17,6,12
2323,19,6,3
2324,1,2,3
2325,4,10,12
2326,4,4,12
2327,22,5,20
2328,14,4,24
2329,5,5,12
2330,4,10,12
2331,7,3,23
2332,18,10,20
2333,1,2,3
2334,3,10,12
2335,22,8,20
2336,25,8,17
2337,14,10,3
2338,21,7,24
2339,20,10,4
2340,2,1,12
2341,1,2,3
2342,9,4,23
2343,1,6,21
2344,25,7,17
2345,11,1,12
2346,22,8,20
2347,11,4,12
2348,12,7,15
2349,7,7,23
2350,13,1,10
2351,14,8,24
2352,11,6,21
2353,14,10,3
2354,6,10,12
2355,18,9,20
2356,10,4,21
2357,17,2,12
2358,22,1,21
2359,7,3,23
2360,20,7,4
2361,14,4,24
2362,4,1,12
2363,17,6,12
2364,3,1,12
2365,14,10,3
2366,5,6,12
2367,13,6,9
2368,7,3,23
2369,2,2,21
2370,4,2,12
2371,10,4,21
2372,2,2,12
2373,6,4,12
2374,12,3,15
2375,13,4,9
2376,20,4,4
2377,20,6,4
2378,20,8,4
2379,20,7,4
2380,9,10,23
2381,20,5,4
2382,9,1,23
2383,10,4,21
2384,16,4,20
2385,2,4,12
2386,14,1,3
2387,5,6,12
2388,5,6,12
2389,21,6,21
2390,15,2,20
2391,17,4,12
2392,5,5,12
2393,14,4,24
2394,22,8,21
2395,5,2,12
2396,16,9,20
2397,17,2,12
2398,7,3,23
2399,4,1,12
2400,20,7,4
2401,14,4,24
2402,13,8,21
2403,22,8,21
2404,22,2,20
2405,16,6,23
2406,3,2,12
2407,14,4,24
2408,15,2,20
2409,4,4,12
2410,4,10,12
2411,16,10,23
2412,1,6,21
2413,15,9,25
2414,14,2,24
2415,20,10,4
2416,4,4,12
2417,18,6,21
2418,20,10,4
2419,5,2,12
2420,16,4,20
2421,22,2,21
2422,20,7,4
2423,19,10,3
2424,13,1,9
2425,18,4,21
2426,9,1,23
2427,4,4,12
2428,2,4,12
2429,15,10,7
2430,19,10,3
2431,2,4,12
2432,4,4,12
2433,14,1,3
2434,20,8,4
2435,10,4,21
2436,1,5,21
2437,10,1,21
2438,13,3,15
2439,2,4,12
2440,17,6,12
2441,2,1,18
2442,17,6,12
2443,18,2,9
2444,7,7,23
2445,25,7,17
2446,11,6,21
2447,9,10,23
2448,0,10,17
2449,22,4,20
2450,22,1,20
2451,14,10,3
2452,4,1,12
2453,14,2,24
2454,2,2,12
2455,22,8,20
2456,16,9,20
2457,17,6,12
2458,17,6,12
2459,19,10,3
2460,14,4,24
2461,20,4,4
2462,6,2,12
2463,12,6,9
2464,22,4,20
2465,25,7,17
2466,20,4,4
2467,19,3,3
2468,5,2,12
2469,17,10,12
2470,14,1,3
2471,14,1,24
2472,14,10,3
2473,6,10,12
2474,7,3,23
2475,22,8,20
2476,14,8,21
2477,19,10,3
2478,11,1,12
2479,10,4,21
2480,16,6,23
2481,7,3,23
2482,5,10,12
2483,18,9,21
2484,20,6,4
2485,20,8,4
2486,4,4,12
2487,13,8,21
2488,11,6,21
2489,12,7,15
2490,11,6,21
2491,17,6,12
2492,14,1,3
2493,14,4,24
2494,17,2,12
2495,14,4,24
2496,21,4,9
2497,11,2,12
2498,10,4,21
2499,12,2,15
2500,4,4,12
2501,0,10,17
2502,22,4,20
2503,7,7,23
2504,6,1,21
2505,15,6,9
2506,4,4,12
2507,14,4,24
2508,21,7,24
2509,17,6,12
2510,15,10,7
2511,11,8,21
2512,7,7,23
2513,4,4,12
2514,12,2,7
2515,14,2,24
2516,4,10,12
2517,16,4,20
2518,19,10,3
2519,17,9,12
2520,2,4,12
2521,17,4,12
2522,10,4,21
2523,6,10,12
2524,22,1,20
2525,16,1,20
2526,22,2,21
2527,18,4,21
2528,18,10,20
2529,2,4,12
2530,25,7,17
2531,4,4,12
2532,19,10,3
2533,11,6,21
2534,21,0,0
2535,17,6,12
2536,3,10,12
2537,15,2,9
2538,20,4,4
2539,25,8,17
2540,17,1,12
2541,9,4,23
2542,19,6,3
2543,16,9,12
2544,1,2,3
2545,22,8,21
2546,7,3,23
2547,4,4,12
2548,7,3,23
2549,12,8,15
2550,14,10,3
2551,18,4,20
2552,11,2,12
2553,3,2,12
2554,10,4,21
2555,21,7,24
2556,6,4,12
2557,20,6,4
2558,9,10,23
2559,20,8,4
2560,18,8,20
2561,4,10,12
2562,14,4,24
2563,10,4,21
2564,14,4,24
2565,17,10,12
2566,14,1,3
2567,1,2,3
2568,22,8,21
2569,17,4,12
2570,7,3,23
2571,5,2,12
2572,4,4,12
2573,4,4,12
2574,18,4,9
2575,14,10,24
2576,22,4,20
2577,11,6,21
2578,14,4,24
2579,14,10,3
2580,12,2,15
2581,5,5,12
2582,6,10,12
2583,9,10,23
2584,18,1,20
2585,15,6,2
2586,0,10,17
2587,14,2,3
2588,15,10,9
2589,3,1,12
2590,18,6,20
2591,4,4,12
2592,1,6,21
2593,14,4,3
2594,21,8,9
2595,8,6,21
2596,1,2,21
2597,22,10,20
2598,14,4,24
2599,9,10,23
2600,6,2,12
2601,22,2,21
2602,15,8,25
2603,4,1,12
2604,21,6,9
2605,14,4,24
2606,18,9,21
2607,8,6,21
2608,7,3,23
2609,16,9,23
2610,20,10,4
2611,20,7,4
2612,15,10,3
2613,4,4,12
2614,19,10,3
2615,21,4,9
2616,1,6,21
2617,20,2,4
2618,12,7,15
2619,13,10,21
2620,14,4,24
2621,18,4,20
2622,22,8,21
2623,11,1,12
2624,14,8,21
2625,16,4,20
2626,8,6,21
2627,11,6,21
2628,20,8,4
2629,17,6,12
2630,8,6,21
2631,7,7,23
2632,22,8,21
2633,7,3,23
2634,12,7,15
2635,25,8,17
2636,15,10,9
2637,25,7,17
2638,19,3,3
2639,1,10,3
2640,0,10,17
2641,12,7,15
2642,14,10,24
2643,5,6,12
2644,14,4,24
2645,4,4,12
2646,22,8,21
2647,20,7,4
2648,18,1,20
2649,21,6,20
2650,9,4,23
2651,14,2,24
2652,11,6,21
2653,2,1,12
2654,14,10,24
2655,13,9,20
2656,16,1,20
2657,3,4,12
2658,5,5,12
2659,4,4,12
2660,22,8,21
2661,13,10,9
2662,17,2,12
2663,22,8,21
2664,4,4,12
2665,22,8,21
2666,5,6,12
2667,13,6,21
2668,5,10,12
2669,22,2,21
2670,10,8,21
2671,3,2,12
2672,9,10,23
2673,17,5,12
2674,13,6,21
2675,5,5,12
2676,15,8,20
2677,5,8,12
2678,22,4,20
2679,5,2,12
2680,21,10,9
2681,20,10,4
2682,15,6,20
2683,2,1,12
2684,1,6,21
2685,22,10,20
2686,15,6,7
2687,17,6,12
2688,19,10,3
2689,14,8,24
2690,3,4,12
2691,17,9,12
2692,15,5,20
2693,22,8,20
2694,3,4,12
2695,22,2,21
2696,14,4,24
2697,15,2,12
2698,17,6,12
2699,10,8,21
2700,22,6,21
2701,13,4,20
2702,1,6,21
2703,4,1,12
2704,15,10,20
2705,18,9,20
2706,12,7,15
2707,20,8,4
2708,2,8,12
2709,22,8,20
2710,1,6,3
2711,2,1,12
2712,7,3,23
2713,10,4,21
2714,8,5,21
2715,13,4,9
2716,21,7,24
2717,17,6,12
2718,8,6,21
2719,14,4,24
2720,15,2,9
2721,14,8,24
2722,6,1,12
2723,16,10,12
2724,22,8,20
2725,1,6,3
2726,1,6,21
2727,3,9,12
2728,2,4,12
2729,13,1,9
2730,17,4,12
2731,4,4,12
2732,22,2,20
2733,9,10,23
2734,17,2,12
2735,14,10,3
2736,17,6,12
2737,2,4,12
2738,2,6,12
2739,12,7,15
2740,16,2,12
2741,17,2,12
2742,5,4,12
2743,22,4,20
2744,18,9,7
2745,22,1,20
2746,9,10,23
2747,25,7,17
2748,25,6,17
2749,22,8,21
2750,21,7,24
2751,5,10,12
2752,16,2,20
2753,2,2,12
2754,19,10,3
2755,18,4,20
2756,14,3,3
2757,22,9,20
2758,9,4,23
2759,22,1,20
2760,18,9,21
2761,10,4,21
2762,2,4,12
2763,17,6,12
2764,3,1,12
2765,12,7,15
2766,20,10,4
2767,6,2,12
2768,14,10,24
2769,5,2,12
2770,2,1,12
2771,19,10,3
2772,14,10,24
2773,14,10,3
2774,4,4,12
2775,17,5,12
2776,22,8,21
2777,6,1,12
2778,16,4,20
2779,3,1,12
2780,4,4,12
2781,19,2,3
2782,16,4,7
2783,22,4,21
2784,14,1,3
2785,21,9,7
2786,4,4,12
2787,22,1,20
2788,11,2,12
2789,12,7,15
2790,3,4,12
2791,12,3,15
2792,12,10,15
2793,2,4,18
2794,13,9,21
2795,7,3,23
2796,11,6,21
2797,5,6,12
2798,25,8,17
2799,11,8,21
2800,22,8,20
2801,17,10,12
2802,2,4,18
2803,3,4,12
2804,10,4,21
2805,10,4,21
2806,20,4,4
2807,25,6,17
2808,2,6,12
2809,16,4,7
2810,22,1,20
2811,16,4,12
2812,13,10,9
2813,11,2,21
2814,4,4,12
2815,13,8,9
2816,10,4,21
2817,25,7,17
2818,14,8,3
2819,22,8,20
2820,22,2,21
2821,18,10,21
2822,16,4,20
2823,14,4,24
2824,15,6,7
2825,18,10,20
2826,1,6,21
2827,9,4,23
2828,7,3,23
2829,3,2,12
2830,17,2,12
2831,12,8,15
2832,8,10,21
2833,14,4,24
2834,1,10,3
2835,4,10,12
2836,18,1,21
2837,4,4,12
2838,4,4,12
2839,22,8,21
2840,17,10,12
2841,8,6,21
2842,14,4,21
2843,12,2,15
2844,1,6,21
2845,4,10,12
2846,13,8,9
2847,17,4,12
2848,12,3,15
2849,2,1,12
2850,18,1,20
2851,22,9,20
2852,8,10,21
2853,17,4,12
2854,22,4,21
2855,14,8,24
2856,14,10,3
2857,22,2,21
2858,15,6,7
2859,3,2,12
2860,2,2,12
2861,16,9,20
2862,4,4,12
2863,10,4,21
2864,4,4,12
2865,13,9,21
2866,11,2,12
2867,1,3,21
2868,18,10,21
2869,21,4,24
2870,8,2,21
2871,9,10,23
2872,16,4,12
2873,22,2,20
2874,18,9,9
2875,22,4,21
2876,17,4,12
2877,13,4,9
2878,14,4,24
2879,25,6,17
2880,19,2,3
2881,4,4,12
2882,9,2,23
2883,13,6,9
2884,2,6,12
2885,16,4,12
2886,25,7,17
2887,22,1,20
2888,15,10,3
2889,1,2,3
2890,1,6,21
2891,18,10,21
2892,14,10,3
2893,7,3,23
2894,21,6,9
2895,22,4,20
2896,15,2,15
2897,22,8,21
2898,2,4,12
2899,14,4,24
2900,18,8,21
2901,8,6,21
2902,18,10,21
2903,4,10,12
2904,22,4,21
2905,20,2,4
2906,14,10,3
2907,20,6,4
2908,5,8,12
2909,7,7,23
2910,18,10,21
2911,21,10,9
2912,12,7,15
2913,3,1,12
2914,11,6,21
2915,6,10,12
2916,7,3,23
2917,3,2,12
2918,25,7,17
2919,17,9,12
2920,1,6,21
2921,22,6,21
2922,25,7,17
2923,12,6,7
2924,11,1,12
2925,7,3,23
2926,21,6,9
2927,6,10,12
2928,7,7,23
2929,21,6,9
2930,16,4,20
2931,3,9,12
2932,5,2,12
2933,14,4,24
2934,22,8,21
2935,17,6,12
2936,1,2,3
2937,20,8,4
2938,22,1,20
2939,8,6,21
2940,11,6,21
2941,1,4,12
2942,3,4,12
2943,5,2,12
2944,17,4,12
2945,22,1,20
2946,17,6,12
2947,22,8,20
2948,4,4,12
2949,17,2,12
2950,25,7,17
2951,15,9,7
2952,14,4,24
2953,17,4,12
2954,18,9,7
2955,22,6,21
2956,10,4,21
2957,17,4,12
2958,11,5,21
2959,22,6,21
2960,11,6,21
2961,11,4,12
2962,17,5,12
2963,25,8,17
2964,7,3,23
2965,2,1,12
2966,7,3,23
2967,8,10,21
2968,12,4,9
2969,17,2,12
2970,6,2,12
2971,22,8,21
2972,1,6,21
2973,21,7,24
2974,7,3,23
2975,6,2,21
2976,16,4,23
2977,8,6,21
2978,20,6,4
2979,17,10,12
2980,2,4,12
2981,16,4,7
2982,6,10,12
2983,22,8,20
2984,12,3,15
2985,25,8,17
2986,14,3,3
2987,8,10,21
2988,22,10,20
2989,19,3,3
2990,4,4,12
2991,1,2,3
2992,8,6,21
2993,6,2,21
2994,5,5,12
2995,1,10,21
2996,5,2,12
2997,2,6,12
2998,13,6,9
2999,7,7,23
3000,12,7,15
3001,15,8,7
3002,2,4,12
3003,19,10,3
3004,14,10,24
3005,2,1,12
3006,4,4,12
3007,17,2,12
3008,6,10,12
3009,10,4,21
3010,16,1,23
3011,20,6,4
3012,21,10,9
3013,16,4,20
3014,11,1,12
3015,6,10,12
3016,12,2,9
3017,14,4,24
3018,7,3,23
3019,13,4,9
3020,21,6,20
3021,18,10,21
3022,25,7,17
3023,3,1,12
3024,4,1,12
3025,17,4,12
3026,21,2,9
3027,17,2,12
3028,17,6,12
3029,3,1,12
3030,12,7,15
3031,11,6,21
3032,1,2,3
3033,11,2,21
3034,14,8,24
3035,22,2,21
3036,9,10,23
3037,13,2,21
3038,1,6,21
3039,20,8,4
3040,17,2,12
3041,2,6,12
3042,2,4,12
3043,13,8,9
3044,12,3,15
3045,18,4,21
3046,4,4,12
3047,21,7,24
3048,6,4,12
3049,12,7,15
3050,17,8,12
3051,2,4,12
3052,1,1,3
3053,5,5,12
3054,8,1,21
3055,19,6,3
3056,4,4,12
3057,16,6,23
3058,20,10,4
3059,17,5,12
3060,17,2,12
3061,25,7,17
3062,17,6,12
3063,19,2,3
3064,2,1,12
3065,22,6,20
3066,18,9,21
3067,17,4,12
3068,14,8,3
3069,19,10,3
3070,7,3,23
3071,4,4,12
3072,20,6,4
3073,18,1,20
3074,18,6,9
3075,15,6,7
3076,11,6,12
3077,17,5,12
3078,15,9,7
3079,12,3,15
3080,9,10,23
3081,14,10,24
3082,17,9,12
3083,12,3,15
3084,4,1,12
3085,17,6,12
3086,10,8,21
3087,15,9,9
3088,17,5,12
3089,2,4,21
3090,25,7,17
3091,16,6,12
3092,15,2,9
3093,15,2,9
3094,17,2,12
3095,1,2,3
3096,21,7,24
3097,14,2,24
3098,19,10,3
3099,2,1,12
3100,25,8,17
3101,17,2,12
3102,0,10,17
3103,7,3,23
3104,3,4,12
3105,14,1,21
3106,1,6,21
3107,2,1,12
3108,6,10,12
3109,18,9,20
3110,1,8,21
3111,22,5,20
3112,20,10,4
3113,6,4,12
3114,18,6,20
3115,10,4,21
3116,6,10,12
3117,25,7,17
3118,17,8,12
3119,25,7,17
3120,5,2,12
3121,4,2,12
3122,13,8,21
3123,5,2,12
3124,11,6,21
3125,16,4,20
3126,10,4,21
3127,18,2,20
3128,13,4,20
3129,25,2,17
3130,4,9,12
3131,4,4,12
3132,16,6,23
3133,25,8,17
3134,6,2,12
3135,14,10,3
3136,2,1,12
3137,7,3,23
3138,12,3,15
3139,14,1,24
3140,18,1,7
3141,7,2,23
3142,6,2,12
3143,16,9,20
3144,18,4,20
3145,10,8,21
3146,4,4,12
3147,14,4,24
3148,22,10,20
3149,25,8,17
3150,18,10,20
3151,11,1,12
3152,22,8,21
3153,11,6,21
3154,8,6,21
3155,14,1,24
3156,9,4,23
3157,12,7,15
3158,0,10,17
3159,17,5,12
3160,12,7,15
3161,4,1,12
3162,5,2,12
3163,14,10,3
3164,14,2,24
3165,22,8,20
3166,6,4,12
3167,7,3,23
3168,22,2,20
3169,15,10,9
3170,22,8,21
3171,15,5,9
3172,4,10,12
3173,9,10,23
3174,4,4,12
3175,18,2,21
3176,21,4,12
3177,9,10,23
3178,14,7,24
3179,17,2,12
3180,4,4,12
3181,17,4,12
3182,20,8,4
3183,17,6,12
3184,9,4,23
3185,11,6,21
3186,4,4,12
3187,21,4,7
3188,20,7,4
3189,16,4,7
3190,20,7,4
3191,17,6,12
3192,22,8,20
3193,10,4,21
3194,7,3,23
3195,12,10,15
3196,17,6,12
3197,22,1,20
3198,3,6,12
3199,16,8,12
3200,11,8,21
3201,18,4,21
3202,22,10,20
3203,25,7,17
3204,14,10,3
3205,4,6,12
3206,9,4,23
3207,1,6,21
3208,17,4,21
3209,8,6,21
3210,6,1,12
3211,18,10,20
3212,22,8,20
3213,20,6,4
3214,19,2,3
3215,25,2,17
3216,16,9,20
3217,22,8,21
3218,22,8,20
3219,2,1,12
3220,9,4,23
3221,12,10,15
3222,3,4,12
3223,10,4,21
3224,13,2,15
3225,11,6,21
3226,12,2,15
3227,8,6,21
3228,9,1,23
3229,15,2,7
3230,21,6,20
3231,4,4,12
3232,8,6,21
3233,6,1,12
3234,17,6,12
3235,9,4,23
3236,22,4,20
3237,1,1,21
3238,22,1,20
3239,18,1,20
3240,14,10,3
3241,13,9,21
3242,8,6,21
3243,8,6,21
3244,4,4,12
3245,14,10,3
3246,16,4,20
3247,22,8,21
3248,4,10,12
3249,12,3,15
3250,16,6,20
3251,25,7,17
3252,13,2,9
3253,2,1,12
3254,11,6,21
3255,16,2,12
3256,14,8,21
3257,17,2,12
3258,1,6,21
3259,22,8,20
3260,1,2,21
3261,4,4,12
3262,4,10,12
3263,17,6,12
3264,0,10,17
3265,4,1,12
3266,14,4,24
3267,17,10,12
3268,18,8,7
3269,8,2,21
3270,13,4,9
3271,7,3,23
3272,4,4,12
3273,13,6,21
3274,9,10,23
3275,22,4,20
3276,7,3,23
3277,10,4,21
3278,17,6,21
3279,6,1,12
3280,12,7,15
3281,3,5,12
3282,14,4,24
3283,3,1,12
3284,22,8,21
3285,3,5,12
3286,10,4,21
3287,21,10,0
3288,25,7,17
3289,7,3,23
3290,3,5,12
3291,22,4,20
3292,17,6,12
3293,22,8,21
3294,18,2,20
3295,9,10,23
3296,22,9,20
3297,12,3,15
3298,8,6,21
3299,17,4,12
3300,17,4,12
3301,21,10,20
3302,22,10,20
3303,7,7,23
3304,22,8,21
3305,7,3,23
3306,25,6,17
3307,4,10,12
3308,13,1,9
3309,20,2,4
3310,17,4,12
3311,22,8,21
3312,25,8,17
3313,22,2,20
3314,22,8,21
3315,4,1,12
3316,15,2,2
3317,7,3,23
3318,14,4,24
3319,12,8,15
3320,19,10,3
3321,13,4,24
3322,2,2,12
3323,18,4,21
3324,3,6,12
3325,9,10,23
3326,1,4,3
3327,22,10,20
3328,2,4,12
3329,22,6,20
3330,1,2,21
3331,22,4,20
3332,20,2,4
3333,22,2,20
3334,13,6,9
3335,5,2,12
3336,2,4,12
3337,4,4,12
3338,2,2,18
3339,22,4,20
3340,11,6,21
3341,17,4,12
3342,18,9,20
3343,2,4,18
3344,1,8,21
3345,14,8,24
3346,12,7,15
3347,14,4,24
3348,22,2,21
3349,6,4,21
3350,4,1,12
3351,16,9,20
3352,18,6,9
3353,21,7,24
3354,20,6,4
3355,22,8,21
3356,1,8,21
3357,22,10,21
3358,14,4,24
3359,3,4,12
3360,7,3,23
3361,3,2,12
3362,16,10,20
3363,17,6,12
3364,11,6,12
3365,15,2,25
3366,6,10,12
3367,5,2,12
3368,2,4,12
3369,5,2,12
3370,1,8,21
3371,21,4,12
3372,16,4,20
3373,25,7,17
3374,22,8,20
3375,25,6,17
3376,3,2,12
3377,21,4,9
3378,12,2,15
3379,22,1,20
3380,2,4,12
3381,3,10,12
3382,9,4,23
3383,25,2,17
3384,2,2,12
3385,19,2,3
3386,14,8,3
3387,18,9,20
3388,8,6,21
3389,4,2,12
3390,11,6,21
3391,11,6,21
3392,7,3,23
3393,20,8,4
3394,22,8,20
3395,4,10,12
3396,18,4,7
3397,22,6,20
3398,16,4,7
3399,16,2,7
3400,3,1,12
3401,0,10,17
3402,22,8,21
3403,21,6,20
3404,2,2,12
3405,8,1,21
3406,11,6,21
3407,18,8,9
3408,17,6,12
3409,7,3,23
3410,14,10,3
3411,7,3,23
3412,8,6,21
3413,17,2,12
3414,18,8,9
3415,17,6,12
3416,13,10,9
3417,11,6,12
3418,0,10,17
3419,21,7,9
3420,20,6,4
3421,13,2,9
3422,20,7,4
3423,7,3,23
3424,5,10,12
3425,10,8,21
3426,22,8,21
3427,19,2,3
3428,2,1,12
3429,7,3,23
3430,14,10,24
3431,12,7,15
3432,13,8,9
3433,12,2,7
3434,16,2,20
3435,7,3,23
3436,3,4,12
3437,13,3,9
3438,7,3,23
3439,9,10,23
3440,18,9,21
3441,25,7,17
3442,21,7,24
3443,4,4,12
3444,7,3,23
3445,22,1,20
3446,17,6,12
3447,4,4,12
3448,3,4,12
3449,11,6,21
3450,7,3,23
3451,2,4,21
3452,14,7,24
3453,14,4,24
3454,9,4,23
3455,8,6,21
3456,13,4,9
3457,14,4,24
3458,1,2,21
3459,4,4,12
3460,7,3,23
3461,9,10,23
3462,18,4,21
3463,14,10,3
3464,11,2,12
3465,17,6,12
3466,11,6,21
3467,14,4,21
3468,19,10,3
3469,17,6,12
3470,9,10,23
3471,5,2,12
3472,3,1,12
3473,2,4,12
3474,9,4,23
3475,17,6,12
3476,0,10,17
3477,25,7,17
3478,11,6,21
3479,18,2,20
3480,25,2,17
3481,1,6,12
3482,18,1,21
3483,17,4,12
3484,6,1,12
3485,12,2,15
3486,10,4,21
3487,18,2,20
3488,12,6,9
3489,14,4,24
3490,14,10,3
3491,12,2,15
3492,11,1,12
3493,7,2,23
3494,13,1,9
3495,7,7,23
3496,1,4,21
3497,20,7,4
3498,18,8,20
3499,14,10,24
3500,3,4,12
3501,6,4,12
3502,21,1,9
3503,5,6,12
3504,2,4,21
3505,8,6,21
3506,16,8,20
3507,25,6,17
3508,22,8,20
3509,9,10,23
3510,15,6,9
3511,22,2,20
3512,10,4,21
3513,7,3,23
3514,22,10,20
3515,10,8,21
3516,22,8,20
3517,25,7,17
3518,18,9,20
3519,17,5,12
3520,17,5,12
3521,11,2,21
3522,11,1,12
3523,7,3,23
3524,20,10,4
3525,22,8,20
3526,1,2,21
3527,19,6,3
3528,4,10,12
3529,15,4,20
3530,8,6,21
3531,14,7,24
3532,1,10,15
3533,5,2,12
3534,1,6,3
3535,22,8,21
3536,17,5,12
3537,1,3,3
3538,22,10,20
3539,21,10,15
3540,14,4,24
3541,12,3,15
3542,4,4,12
3543,2,2,12
3544,12,7,15
3545,7,10,23
3546,10,4,21
3547,1,4,21
3548,3,2,12
3549,20,10,4
3550,17,6,12
3551,17,4,12
3552,25,7,17
3553,21,4,21
3554,17,6,12
3555,14,8,3
3556,20,6,4
3557,18,4,9
3558,4,10,12
3559,25,7,17
3560,5,2,12
3561,18,1,20
3562,10,4,21
3563,4,4,12
3564,22,2,21
3565,14,8,3
3566,10,4,21
3567,14,4,24
3568,15,9,7
3569,5,10,12
3570,22,1,20
3571,11,6,21
3572,8,6,21
3573,14,10,3
3574,8,6,21
3575,0,10,17
3576,22,2,21
3577,18,8,20
3578,25,8,17
3579,3,2,12
3580,2,6,12
3581,17,2,12
3582,2,4,12
3583,13,4,9
3584,16,9,20
3585,4,4,12
3586,12,2,15
3587,17,4,12
3588,20,6,4
3589,2,4,21
3590,22,4,20
3591,9,10,23
3592,18,6,9
3593,9,2,23
3594,22,10,20
3595,22,6,21
3596,11,6,21
3597,4,1,12
3598,7,7,23
3599,14,4,24
3600,14,10,3
3601,10,4,21
3602,22,6,21
3603,8,6,21
3604,9,4,23
3605,9,4,23
3606,21,4,24
3607,4,10,12
3608,7,3,23
3609,2,2,18
3610,17,4,12
3611,2,4,12
3612,17,6,12
3613,1,2,21
3614,3,10,12
3615,14,1,3
3616,12,6,15
3617,7,3,23
3618,11,6,21
3619,8,2,21
3620,22,10,20
3621,1,8,21
3622,19,5,3
3623,7,3,23
3624,9,10,23
3625,20,6,4
3626,2,4,12
3627,4,1,12
3628,2,4,18
3629,22,10,20
3630,22,1,20
3631,14,8,24
3632,14,2,24
3633,4,4,12
3634,22,4,21
3635,11,6,21
3636,12,1,15
3637,25,7,17
3638,22,6,21
3639,25,8,17
3640,14,3,3
3641,14,4,24
3642,2,4,12
3643,7,3,23
3644,2,4,12
3645,22,2,21
3646,14,4,24
3647,19,10,3
3648,17,6,12
3649,14,2,3
3650,7,3,23
3651,21,6,20
3652,4,4,12
3653,17,2,12
3654,21,9,21
3655,13,8,9
3656,17,6,12
3657,10,4,21
3658,10,4,21
3659,11,8,21
3660,22,8,20
3661,2,6,12
3662,3,10,12
3663,5,2,12
3664,17,6,12
3665,9,10,23
3666,19,10,3
3667,3,10,12
3668,21,10,9
3669,19,10,3
3670,11,6,21
3671,20,10,4
3672,20,2,4
3673,16,10,12
3674,8,6,21
3675,4,10,12
3676,14,1,3
3677,14,4,24
3678,9,4,23
3679,18,9,20
3680,13,9,9
3681,12,7,15
3682,20,6,4
3683,1,2,3
3684,4,1,12
3685,19,2,3
3686,11,6,21
3687,22,2,21
3688,7,3,23
3689,18,9,7
3690,8,6,21
3691,22,8,20
3692,9,1,23
3693,10,4,21
3694,21,10,20
3695,2,4,12
3696,17,5,12
3697,20,6,4
3698,4,10,12
3699,12,7,15
3700,14,2,21
3701,8,7,21
3702,11,4,12
3703,17,6,12
3704,22,2,21
3705,25,6,17
3706,3,4,12
3707,17,2,12
3708,20,6,4
3709,25,7,17
3710,20,10,4
3711,4,10,12
3712,14,4,24
3713,22,8,21
3714,10,4,21
3715,12,3,15
3716,15,9,7
3717,8,6,21
3718,5,2,12
3719,4,4,12
3720,12,1,15
3721,10,4,21
3722,14,4,24
3723,4,4,12
3724,4,4,12
3725,10,4,21
3726,11,10,21
3727,16,4,23
3728,4,4,12
3729,17,4,12
3730,22,8,20
3731,7,3,23
3732,17,6,12
3733,14,1,3
3734,22,10,20
3735,13,4,21
3736,7,4,23
3737,15,2,20
3738,14,4,24
3739,1,6,21
3740,7,3,23
3741,2,4,12
3742,18,10,21
3743,7,3,23
3744,4,2,12
3745,22,8,20
3746,13,6,21
3747,14,2,24
3748,0,10,17
3749,19,10,3
3750,17,4,12
3751,6,4,12
3752,4,4,12
3753,17,6,12
3754,5,2,12
3755,7,7,23
3756,14,4,3
3757,4,10,12
3758,14,10,3
3759,10,4,21
3760,19,10,3
3761,13,8,9
3762,1,6,3
3763,9,10,23
3764,20,8,4
3765,14,2,24
3766,9,10,23
3767,3,2,12
3768,3,2,12
3769,13,3,15
3770,17,6,12
3771,14,4,24
3772,25,7,17
3773,22,8,21
3774,7,7,23
3775,19,10,3
3776,17,4,12
3777,18,10,21
3778,8,2,21
3779,13,4,21
3780,14,4,24
3781,6,4,12
3782,25,1,17
3783,25,6,17
3784,14,4,24
3785,16,2,7
3786,14,9,21
3787,22,2,21
3788,17,2,12
3789,4,1,12
3790,19,10,3
3791,15,9,25
3792,22,4,20
3793,12,7,15
3794,22,1,21
3795,14,10,3
3796,22,1,21
3797,13,10,21
3798,11,2,21
3799,19,10,3
3800,19,10,3
3801,18,10,21
3802,14,8,3
3803,17,10,12
3804,20,6,4
3805,4,1,12
3806,2,1,12
3807,12,3,15
3808,19,2,3
3809,13,1,9
3810,18,4,20
3811,14,10,3
3812,4,4,12
3813,20,6,4
3814,14,1,3
3815,4,2,12
3816,12,7,15
3817,5,2,12
3818,19,10,3
3819,20,6,4
3820,17,10,12
3821,1,3,21
3822,9,10,23
3823,16,10,20
3824,4,4,12
3825,1,10,3
3826,14,1,3
3827,17,6,12
3828,22,4,20
3829,16,4,12
3830,19,2,3
3831,4,1,12
3832,17,6,12
3833,25,6,17
3834,12,10,7
3835,22,8,21
3836,10,4,21
3837,2,2,12
3838,6,4,12
3839,16,4,20
3840,3,1,12
3841,12,10,15
3842,17,6,12
3843,7,3,23
3844,20,2,4
3845,2,2,12
3846,22,10,20
3847,11,8,12
3848,22,8,21
3849,14,4,24
3850,7,3,23
3851,6,1,12
3852,4,1,12
3853,1,8,21
3854,11,2,21
3855,4,1,12
3856,20,4,4
3857,1,1,21
3858,4,4,12
3859,12,10,15
3860,15,6,15
3861,10,8,21
3862,22,9,20
3863,14,4,24
3864,22,8,21
3865,5,6,12
3866,25,7,17
3867,8,2,21
3868,11,2,12
3869,7,3,23
3870,12,2,15
3871,2,1,12
3872,1,3,21
3873,18,2,21
3874,1,2,3
3875,8,2,21
3876,22,8,21
3877,4,2,12
3878,18,4,20
3879,12,7,15
3880,25,7,17
3881,20,10,4
3882,14,7,3
3883,12,8,15
3884,20,7,4
3885,4,1,12
3886,8,6,21
3887,12,2,15
3888,14,10,3
3889,11,8,21
3890,14,7,24
3891,18,4,21
3892,22,6,20
3893,7,3,23
3894,17,9,12
3895,25,7,17
3896,16,6,20
3897,14,4,24
3898,14,7,24
3899,16,10,23
3900,1,10,21
3901,22,6,20
3902,20,4,4
3903,16,9,20
3904,15,5,9
3905,13,1,9
3906,14,4,24
3907,25,7,17
3908,5,2,12
3909,15,9,25
3910,4,4,12
3911,17,2,12
3912,14,4,24
3913,8,6,21
3914,17,1,12
3915,12,10,15
3916,3,4,12
3917,14,4,24
3918,25,7,17
3919,6,2,12
3920,4,4,12
3921,4,2,12
3922,22,8,21
3923,11,8,21
3924,14,4,21
3925,17,9,12
3926,11,6,21
3927,1,9,21
3928,4,4,12
3929,14,8,24
3930,17,2,12
3931,13,4,9
3932,15,10,24
3933,4,6,12
3934,18,5,10
3935,20,7,4
3936,14,10,3
3937,13,4,9
3938,18,6,21
3939,22,4,20
3940,17,2,12
3941,5,2,12
3942,20,7,4
3943,22,6,21
3944,17,4,12
3945,5,5,12
3946,5,2,12
3947,22,9,20
3948,2,2,12
3949,15,9,7
3950,1,6,3
3951,10,4,21
3952,11,4,12
3953,25,7,17
3954,22,2,21
3955,11,6,21
3956,7,7,23
3957,12,10,15
3958,1,10,21
3959,12,7,15
3960,13,4,20
3961,9,10,23
3962,6,4,12
3963,21,9,21
3964,4,4,12
3965,25,7,17
3966,17,10,12
3967,22,8,20
3968,18,4,21
3969,18,2,20
3970,14,1,3
3971,11,2,12
3972,14,7,24
3973,19,10,3
3974,16,4,20
3975,7,3,23
3976,13,2,9
3977,14,2,24
3978,21,7,24
3979,6,10,12
3980,3,2,12
3981,14,4,24
3982,16,9,12
3983,10,4,21
3984,14,1,3
3985,16,6,20
3986,15,9,7
3987,16,6,20
3988,14,4,24
3989,10,4,21
3990,17,6,12
3991,10,4,21
3992,4,4,12
3993,25,7,17
3994,17,6,12
3995,15,10,9
3996,7,3,23
3997,2,2,12
3998,19,10,3
3999,14,2,24
4000,13,10,9
4001,15,6,9
4002,16,10,20
4003,22,2,21
4004,4,4,12
4005,17,6,12
4006,12,4,15
4007,15,5,7
4008,17,1,12
4009,20,4,4
4010,22,8,21
4011,19,10,3
4012,14,4,24
4013,20,7,4
4014,12,7,15
4015,14,7,24
4016,3,1,12
4017,10,4,21
4018,11,6,12
4019,22,8,21
4020,22,2,21
4021,14,10,3
4022,3,2,12
4023,10,1,21
4024,25,6,17
4025,17,4,12
4026,18,4,10
4027,5,2,12
4028,20,10,4
4029,4,10,12
4030,22,2,21
4031,11,4,12
4032,4,4,12
4033,3,2,12
4034,5,2,12
4035,2,4,12
4036,4,1,12
4037,17,5,12
4038,1,1,3
4039,12,9,7
4040,14,4,24
4041,15,5,7
4042,1,3,3
4043,12,7,15
4044,11,4,12
4045,18,10,21
4046,14,8,24
4047,17,6,12
4048,13,4,9
4049,19,10,3
4050,11,6,21
4051,11,8,21
4052,1,6,21
4053,14,4,3
4054,25,7,17
4055,22,8,21
4056,13,4,10
4057,15,10,9
4058,14,4,24
4059,25,8,17
4060,6,10,12
4061,22,4,20
4062,6,4,12
4063,8,6,12
4064,15,10,20
4065,4,4,12
4066,5,2,12
4067,12,10,7
4068,22,4,20
4069,1,8,21
4070,13,10,9
4071,22,4,20
4072,14,8,24
4073,5,2,12
4074,14,4,24
4075,22,4,20
4076,6,2,12
4077,4,10,12
4078,18,2,20
4079,10,4,21
4080,16,6,20
4081,22,8,20
4082,7,3,23
4083,25,7,17
4084,5,2,12
4085,5,2,12
4086,8,6,21
4087,14,4,24
4088,19,10,3
4089,25,8,17
4090,4,10,12
4091,2,9,12
4092,2,1,12
4093,15,5,15
4094,11,6,21
4095,10,4,21
4096,18,1,20
4097,5,2,12
4098,19,10,3
4099,0,10,17
4100,18,8,9
4101,25,6,17
4102,4,6,12
4103,18,4,21
4104,5,6,12
4105,1,8,21
4106,22,10,20
4107,17,9,12
4108,4,9,21
4109,18,6,7
4110,10,4,21
4111,7,3,23
4112,12,7,15
4113,22,4,20
4114,3,4,12
4115,14,10,3
4116,21,7,9
4117,17,4,12
4118,22,4,21
4119,0,10,17
4120,2,2,12
4121,15,9,2
4122,19,2,3
4123,13,6,21
4124,14,10,24
4125,15,10,3
4126,8,2,21
4127,6,2,21
4128,8,10,21
4129,7,3,23
4130,21,7,24
4131,11,6,21
4132,17,6,12
4133,14,10,3
4134,22,6,21
4135,7,3,23
4136,15,10,7
4137,18,10,21
4138,6,2,12
4139,19,10,3
4140,21,6,21
4141,14,10,3
4142,13,6,21
4143,11,8,21
4144,7,3,23
4145,15,2,24
4146,2,4,21
4147,22,10,20
4148,22,10,20
4149,14,7,3
4150,25,6,17
4151,17,2,12
4152,6,10,12
4153,15,9,7
4154,4,4,12
4155,22,1,21
4156,15,9,9
4157,4,1,12
4158,5,6,12
4159,22,8,20
4160,1,1,3
4161,1,4,21
4162,1,6,21
4163,17,4,12
4164,5,2,12
4165,20,8,4
4166,18,9,21
4167,14,10,3
4168,6,2,21
4169,17,6,12
4170,14,4,24
4171,15,9,21
4172,19,10,3
4173,3,10,12
4174,17,4,12
4175,18,4,20
4176,12,2,15
4177,6,10,12
4178,12,6,15
4179,2,4,12
4180,12,7,15
4181,18,4,20
4182,21,8,21
4183,22,8,20
4184,22,8,20
4185,9,4,23
4186,10,4,21
4187,14,4,24
4188,3,2,12
4189,14,4,24
4190,6,4,12
4191,11,1,12
4192,16,9,20
4193,7,3,23
4194,8,6,21
4195,15,6,15
4196,4,4,12
4197,11,4,12
4198,14,10,3
4199,17,9,12
4200,19,10,3
4201,4,4,12
4202,2,4,21
4203,14,4,24
4204,2,2,12
4205,5,6,12
4206,13,2,15
4207,25,7,17
4208,14,10,3
4209,8,6,21
4210,14,4,24
4211,18,2,20
4212,22,4,21
4213,18,2,20
4214,4,10,12
4215,17,4,12
4216,18,4,21
4217,14,4,24
4218,2,4,12
4219,10,4,21
4220,22,4,20
4221,22,10,20
4222,9,4,23
4223,12,3,15
4224,14,4,24
4225,17,6,12
4226,7,3,23
4227,14,4,24
4228,14,10,24
4229,18,9,7
4230,7,3,23
4231,17,10,12
4232,4,4,12
4233,12,9,15
4234,17,1,12
4235,12,7,15
4236,12,7,15
4237,2,4,12
4238,7,3,23
4239,22,8,21
4240,1,8,21
4241,6,4,12
4242,9,1,23
4243,25,1,17
4244,4,9,12
4245,4,1,12
4246,17,6,12
4247,22,9,20
4248,15,6,20
4249,2,4,12
4250,17,6,12
4251,9,10,23
4252,13,6,9
4253,6,2,12
4254,14,1,3
4255,22,1,20
4256,12,3,15
4257,6,10,12
4258,17,5,12
4259,16,1,20
4260,8,10,21
4261,25,1,17
4262,14,10,24
4263,3,4,12
4264,19,10,3
4265,17,8,12
4266,9,10,23
4267,18,9,7
4268,8,6,21
4269,10,4,21
4270,11,2,12
4271,20,2,4
4272,4,2,12
4273,15,6,20
4274,17,6,12
4275,5,8,12
4276,20,6,4
4277,17,4,12
4278,10,4,21
4279,9,4,23
4280,20,7,4
4281,22,8,21
4282,2,2,12
4283,25,6,17
4284,16,4,20
4285,22,2,20
4286,16,4,23
4287,25,7,17
4288,20,6,4
4289,18,10,21
4290,12,5,15
4291,1,6,21
4292,16,4,7
4293,17,6,12
4294,1,6,21
4295,14,10,3
4296,16,4,20
4297,5,2,12
4298,22,4,20
4299,17,10,12
4300,7,3,23
4301,16,4,23
4302,9,10,23
4303,22,8,21
4304,21,7,24
4305,22,8,21
4306,16,9,12
4307,15,2,2
4308,11,4,12
4309,2,1,12
4310,7,3,23
4311,18,1,7
4312,17,2,12
4313,2,2,21
4314,20,6,4
4315,14,2,3
4316,12,7,15
4317,19,6,3
4318,22,4,20
4319,17,6,12
4320,22,8,21
4321,25,7,17
4322,2,1,21
4323,18,9,7
4324,14,4,24
4325,12,3,15
4326,13,9,24
4327,15,10,7
4328,17,10,12
4329,20,4,4
4330,12,7,15
4331,6,10,21
4332,4,1,12
4333,22,5,20
4334,7,7,23
4335,20,10,4
4336,14,8,3
4337,7,7,23
4338,8,6,21
4339,25,7,17
4340,8,2,21
4341,3,4,12
4342,11,10,21
4343,9,4,23
4344,13,2,9
4345,22,10,20
4346,18,1,21
4347,14,4,24
4348,5,2,12
4349,14,2,21
4350,5,4,12
4351,4,2,12
4352,17,4,12
4353,16,9,20
4354,2,4,12
4355,22,4,20
4356,18,10,21
4357,12,7,15
4358,2,2,12
4359,17,6,12
4360,1,2,3
4361,16,2,23
4362,14,1,3
4363,2,1,12
4364,9,4,23
4365,14,3,3
4366,7,3,23
4367,21,7,24
4368,4,4,12
4369,22,2,21
4370,5,2,12
4371,15,10,3
4372,14,4,24
4373,7,3,23
4374,11,4,12
4375,3,2,12
4376,22,8,21
4377,5,8,12
4378,7,7,23
4379,1,1,12
4380,6,4,21
4381,3,1,12
4382,20,7,4
4383,17,10,12
4384,22,6,20
4385,15,2,20
4386,11,2,12
4387,25,6,17
4388,7,7,23
4389,16,9,20
4390,2,1,12
4391,14,7,24
4392,8,6,21
4393,14,4,24
4394,18,4,7
4395,21,4,12
4396,4,4,12
4397,19,2,3
4398,14,2,24
4399,21,9,9
4400,11,6,21
4401,21,7,24
4402,13,4,24
4403,16,4,7
4404,17,6,12
4405,17,4,12
4406,22,2,20
4407,25,7,17
4408,17,2,12
4409,17,6,12
4410,22,8,20
4411,4,10,12
4412,14,8,24
4413,4,4,12
4414,1,10,3
4415,22,1,21
4416,22,10,20
4417,4,4,12
4418,8,2,21
4419,21,8,21
4420,4,10,12
4421,22,4,20
4422,25,7,17
4423,2,1,12
4424,14,8,3
4425,17,4,21
4426,22,8,20
4427,17,2,12
4428,9,4,23
4429,21,6,9
4430,4,4,12
4431,12,10,15
4432,4,4,12
4433,16,9,20
4434,25,7,17
4435,11,1,12
4436,16,2,12
4437,7,7,23
4438,15,6,15
4439,12,2,15
4440,13,2,20
4441,4,4,12
4442,1,10,3
4443,12,2,9
4444,20,6,4
4445,22,2,21
4446,4,4,12
4447,14,4,24
4448,15,2,7
4449,14,4,24
4450,22,8,21
4451,12,3,15
4452,19,10,3
4453,9,4,23
4454,2,2,12
4455,20,8,4
4456,21,10,12
4457,7,3,23
4458,22,8,20
4459,18,8,9
4460,7,3,23
4461,10,4,21
4462,12,7,15
4463,15,5,7
4464,19,2,3
4465,14,4,24
4466,20,4,4
4467,22,6,21
4468,11,1,12
4469,16,4,20
4470,17,9,12
4471,9,4,23
4472,2,4,12
4473,11,6,21
4474,8,10,21
4475,9,1,23
4476,6,2,12
4477,22,8,20
4478,22,8,21
4479,9,10,23
4480,20,8,4
4481,15,9,7
4482,14,8,3
4483,5,10,12
4484,19,2,3
4485,17,8,12
4486,14,1,24
4487,0,10,17
4488,6,4,12
4489,11,2,21
4490,12,3,15
4491,15,2,7
4492,17,2,12
4493,20,4,4
4494,15,9,25
4495,18,4,21
4496,22,8,21
4497,1,6,21
4498,2,1,12
4499,4,1,12
4500,1,2,3
4501,4,4,12
4502,20,10,4
4503,16,4,20
4504,17,2,12
4505,22,8,21
4506,20,7,4
4507,8,6,21
4508,8,6,21
4509,17,6,12
4510,5,2,12
4511,10,4,21
4512,14,4,24
4513,16,4,20
4514,20,7,4
4515,16,2,20
4516,14,4,24
4517,15,5,21
4518,18,6,20
4519,5,2,12
4520,16,6,20
4521,20,6,4
4522,22,8,20
4523,14,4,24
4524,17,6,12
4525,4,4,12
4526,16,9,20
4527,3,1,12
4528,9,4,23
4529,16,6,20
4530,21,7,24
4531,15,9,25
4532,13,10,9
4533,2,4,12
4534,18,6,9
4535,22,8,20
4536,13,2,9
4537,5,2,12
4538,17,9,12
4539,3,4,12
4540,6,2,12
4541,3,1,12
4542,14,4,24
4543,14,7,24
4544,6,4,12
4545,2,1,12
4546,21,10,7
4547,18,5,20
4548,4,4,12
4549,16,10,20
4550,19,5,3
4551,2,4,12
4552,20,6,4
4553,7,7,23
4554,11,10,12
4555,14,4,24
4556,7,7,23
4557,7,3,23
4558,13,4,9
4559,3,2,12
4560,14,4,24
4561,20,6,4
4562,1,10,21
4563,2,6,12
4564,19,6,3
4565,14,10,3
4566,8,6,21
4567,13,4,24
4568,11,2,12
4569,9,1,23
4570,4,10,12
4571,12,7,15
4572,9,10,23
4573,4,1,12
4574,17,10,12
4575,14,8,24
4576,25,6,17
4577,14,4,24
4578,17,4,12
4579,0,10,17
4580,18,10,20
4581,25,8,17
4582,1,8,21
4583,16,4,20
4584,19,10,3
4585,14,10,3
4586,4,4,12
4587,17,6,12
4588,4,10,12
4589,15,6,20
4590,18,10,3
4591,14,10,24
4592,18,2,9
4593,4,1,12
4594,25,7,17
4595,5,8,12
4596,17,9,12
4597,19,10,3
4598,10,4,21
4599,4,4,12
4600,10,4,21
4601,22,4,20
4602,16,9,20
4603,22,6,21
4604,9,6,23
4605,17,4,12
4606,6,4,12
4607,2,4,18
4608,13,4,24
4609,13,8,9
4610,1,6,21
4611,20,7,4
4612,16,4,20
4613,14,4,24
4614,12,7,15
4615,16,6,20
4616,2,4,12
4617,7,3,23
4618,1,5,3
4619,13,1,9
4620,4,4,12
4621,14,4,24
4622,19,5,3
4623,15,6,20
4624,19,6,3
4625,17,4,12
4626,22,8,20
4627,8,6,21
4628,15,2,20
4629,14,4,24
4630,7,3,23
4631,22,2,21
4632,8,6,21
4633,14,10,3
4634,11,2,12
4635,4,4,12
4636,11,6,21
4637,5,2,12
4638,11,2,12
4639,18,6,20
4640,4,4,12
4641,13,2,20
4642,3,2,12
4643,2,1,12
4644,25,7,17
4645,9,1,23
4646,14,4,24
4647,7,3,23
4648,20,7,4
4649,20,6,4
4650,14,4,24
4651,20,8,4
4652,18,2,21
4653,14,7,3
4654,5,2,12
4655,4,4,12
4656,4,4,12
4657,6,10,12
4658,3,2,12
4659,6,4,12
4660,2,4,12
4661,4,10,12
4662,10,4,21
4663,6,10,12
4664,9,10,23
4665,25,8,17
4666,17,6,12
4667,25,6,17
4668,4,4,12
4669,2,4,12
4670,3,4,12
4671,14,8,21
4672,12,7,15
4673,8,6,21
4674,3,4,12
4675,20,7,4
4676,18,2,20
4677,9,10,23
4678,7,3,23
4679,20,10,4
4680,11,2,12
4681,7,3,23
4682,14,7,3
4683,3,10,12
4684,25,7,17
4685,22,8,21
4686,17,1,12
4687,9,10,23
4688,14,1,3
4689,5,2,12
4690,3,4,12
4691,7,2,23
4692,4,4,12
4693,14,4,24
4694,14,2,24
4695,5,5,12
4696,10,4,21
4697,25,7,17
4698,17,2,12
4699,9,7,23
4700,11,10,12
4701,7,7,23
4702,11,1,21
4703,12,8,15
4704,22,1,20
4705,14,2,24
4706,20,7,4
4707,2,2,12
4708,17,4,12
4709,22,6,21
4710,14,4,24
4711,14,7,24
4712,17,5,12
4713,1,2,3
4714,14,10,3
4715,22,4,20
4716,14,4,24
4717,9,10,23
4718,0,10,17
4719,13,1,20
4720,20,7,4
4721,20,6,4
4722,3,5,12
4723,21,4,0
4724,14,8,24
4725,22,8,20
4726,18,8,7
4727,14,2,24
4728,14,4,24
4729,12,10,15
4730,20,2,4
4731,17,5,12
4732,7,3,23
4733,14,2,24
4734,7,3,23
4735,10,4,21
4736,7,3,23
4737,12,3,15
4738,12,7,15
4739,10,4,21
4740,3,4,12
4741,25,6,17
4742,15,2,20
4743,19,10,3
4744,20,8,4
4745,22,8,20
4746,21,7,24
4747,18,9,7
4748,21,7,24
4749,17,6,12
4750,25,8,17
4751,7,7,23
4752,2,4,12
4753,20,2,4
4754,4,10,12
4755,22,10,20
4756,10,4,21
4757,17,8,12
4758,8,6,21
4759,22,9,20
4760,4,4,12
4761,7,3,23
4762,10,8,21
4763,7,3,23
4764,14,4,24
4765,4,1,12
4766,14,2,24
4767,13,4,9
4768,11,2,12
4769,13,8,21
4770,25,8,17
4771,15,2,20
4772,22,8,20
4773,17,6,12
4774,16,2,20
4775,11,4,12
4776,20,7,4
4777,6,4,12
4778,17,10,12
4779,19,10,3
4780,4,2,12
4781,25,7,17
4782,17,6,12
4783,15,10,7
4784,6,4,12
4785,9,4,23
4786,4,4,12
4787,18,4,21
4788,14,4,24
4789,4,4,12
4790,22,10,21
4791,4,4,12
4792,22,8,20
4793,18,9,20
4794,2,4,12
4795,5,2,12
4796,3,2,12
4797,15,2,9
4798,17,8,12
4799,21,6,0
4800,25,7,17
4801,5,2,12
4802,14,10,24
4803,3,4,12
4804,0,10,17
4805,4,4,12
4806,14,4,24
4807,7,7,23
4808,17,1,12
4809,21,7,24
4810,21,4,9
4811,22,4,20
4812,8,2,12
4813,4,4,12
4814,17,2,12
4815,14,10,24
4816,7,7,23
4817,11,6,21
4818,15,2,9
4819,3,4,12
4820,6,4,12
4821,21,7,24
4822,6,4,12
4823,4,4,12
4824,2,4,12
4825,4,4,12
4826,14,10,3
4827,17,1,12
4828,22,4,20
4829,5,2,12
4830,2,1,12
4831,2,4,12
4832,5,2,12
4833,22,10,20
4834,8,2,21
4835,2,4,12
4836,20,7,4
4837,5,2,12
4838,9,10,23
4839,22,8,21
4840,4,10,12
4841,6,1,12
4842,12,6,9
4843,4,4,12
4844,20,6,4
4845,19,6,3
4846,10,4,21
4847,1,6,21
4848,12,6,7
4849,5,6,12
4850,11,6,12
4851,2,6,18
4852,12,7,15
4853,7,3,23
4854,4,2,12
4855,3,4,12
4856,14,8,24
4857,2,4,12
4858,25,7,17
4859,22,10,20
4860,22,4,20
4861,4,1,12
4862,20,6,4
4863,22,6,20
4864,22,8,21
4865,10,4,21
4866,22,8,20
4867,7,3,23
4868,9,10,23
4869,13,3,15
4870,22,8,20
4871,19,2,3
4872,9,4,23
4873,12,6,9
4874,14,4,3
4875,19,6,3
4876,2,9,12
4877,2,2,12
4878,22,4,20
4879,17,5,12
4880,4,4,12
4881,2,4,12
4882,25,8,17
4883,20,2,4
4884,22,1,20
4885,7,7,23
4886,10,4,21
4887,11,1,12
4888,4,1,12
4889,14,4,24
4890,20,7,4
4891,9,10,23
4892,25,7,17
4893,7,3,23
4894,7,3,23
4895,5,10,12
4896,9,2,23
4897,4,4,12
4898,4,1,12
4899,3,4,12
4900,22,6,21
4901,17,5,12
4902,14,4,24
4903,15,9,7
4904,25,7,17
4905,5,4,12
4906,25,6,17
4907,12,7,15
4908,17,4,12
4909,12,10,15
4910,12,2,7
4911,6,10,12
4912,15,9,7
4913,5,6,12
4914,4,1,12
4915,18,10,21
4916,20,7,4
4917,14,4,3
4918,14,10,3
4919,15,2,24
4920,7,7,23
4921,13,6,9
4922,4,4,12
4923,22,1,21
4924,22,8,20
4925,20,2,4
4926,2,1,12
4927,12,2,7
4928,18,10,21
4929,18,10,21
4930,22,1,20
4931,14,4,24
4932,16,9,20
4933,25,7,17
4934,10,8,21
4935,22,9,21
4936,14,4,24
4937,19,6,3
4938,10,4,21
4939,22,8,21
4940,10,8,21
4941,17,5,12
4942,9,10,23
4943,14,8,24
4944,2,4,21
4945,15,9,15
4946,15,6,12
4947,7,3,23
4948,17,6,12
4949,1,2,12
4950,25,8,17
4951,21,6,9
4952,9,10,23
4953,11,8,12
4954,13,4,24
4955,11,6,21
4956,16,9,20
4957,4,1,12
4958,4,10,12
4959,17,4,12
4960,15,10,7
4961,2,2,12
4962,13,4,9
4963,13,10,21
4964,9,10,23
4965,17,2,12
4966,21,0,0
4967,8,2,21
4968,21,2,20
4969,9,10,23
4970,3,6,12
4971,11,5,21
4972,18,2,9
4973,11,2,12
4974,18,10,21
4975,7,7,23
4976,15,9,25
4977,22,8,20
4978,14,10,3
4979,20,6,4
4980,1,6,21
4981,20,6,4
4982,25,7,17
4983,4,1,12
4984,9,10,23
4985,5,10,12
4986,18,4,20
4987,25,8,17
4988,4,4,12
4989,4,4,12
4990,17,10,12
4991,10,4,21
4992,18,10,20
4993,22,8,20
4994,20,7,4
4995,21,10,9
4996,18,4,20
4997,5,6,12
4998,8,6,21
4999,25,6,17
